timestamps,open,close,high,low,volume,amount
2007-04-30,0.12,-0.21,0.18,-0.34,207375.0,1365189248.0
2007-05-08,-0.1,-0.27,-0.01,-0.34,86299.0,556319808.0
2007-05-09,-0.32,-0.4,-0.28,-0.56,93823.0,578206528.0
2007-05-10,-0.43,-0.37,-0.24,-0.47,47720.0,299922592.0
2007-05-11,-0.41,-0.49,-0.41,-0.55,39273.0,237312640.0
2007-05-14,-0.57,-0.51,-0.44,-0.61,42259.0,254487632.0
2007-05-15,-0.51,-0.64,-0.5,-0.66,35615.0,210965200.0
2007-05-16,-0.65,-0.46,-0.42,-0.65,37899.0,228617408.0
2007-05-17,-0.42,-0.33,-0.33,-0.47,37568.0,233227664.0
2007-05-18,-0.3,-0.4,-0.3,-0.4,33747.0,211636800.0
2007-05-21,-0.55,-0.42,-0.37,-0.55,30993.0,190789904.0
2007-05-22,-0.4,-0.44,-0.38,-0.45,39385.0,244051776.0
2007-05-23,-0.44,-0.28,-0.17,-0.49,47666.0,299214656.0
2007-05-24,-0.28,-0.34,-0.27,-0.4,22736.0,143333536.0
2007-05-25,-0.35,-0.26,-0.22,-0.4,36082.0,230610496.0
2007-05-28,-0.26,-0.14,-0.08,-0.26,29624.0,195512464.0
2007-05-29,-0.14,0.3,0.3,-0.14,47052.0,334481952.0
2007-05-30,0.03,0.38,0.66,0.03,73625.0,547867072.0
2007-05-31,0.38,0.43,0.63,0.05,48171.0,359545568.0
2007-06-01,0.41,0.4,0.59,0.32,34964.0,265019120.0
2007-06-04,0.4,0.13,0.44,0.05,37320.0,267353728.0
2007-06-05,0.05,0.22,0.25,-0.25,50172.0,341039808.0
2007-06-06,0.18,0.36,0.46,0.05,49075.0,357545856.0
2007-06-07,0.32,0.62,0.63,0.31,38225.0,291408640.0
2007-06-08,0.63,0.6,0.64,0.48,23977.0,184609184.0
2007-06-11,0.57,0.97,1.01,0.54,27028.0,221016944.0
2007-06-12,0.97,1.06,1.1,0.79,30391.0,253432128.0
2007-06-13,1.03,1.16,1.19,1.0,25277.0,215341264.0
2007-06-15,1.0,1.23,1.52,1.0,30408.0,266783696.0
2007-06-18,1.24,1.19,1.36,1.16,20821.0,181648768.0
2007-06-19,1.19,1.06,1.23,1.02,24443.0,207186512.0
2007-06-20,1.02,1.06,1.22,1.0,20754.0,178049024.0
2007-06-21,1.03,1.15,1.23,1.03,19300.0,165177040.0
2007-06-22,1.13,0.8,1.13,0.7,21090.0,173036592.0
2007-06-25,0.8,0.65,0.89,0.54,18564.0,147123312.0
2007-06-26,0.53,0.67,0.77,0.51,9404.0,73493920.0
2007-06-27,0.77,0.97,1.1,0.68,25869.0,210650560.0
2007-06-28,0.97,0.67,1.03,0.67,12809.0,104536432.0
2007-07-02,0.67,0.63,0.74,0.51,12315.0,95427368.0
2007-07-03,0.63,0.74,0.78,0.61,13628.0,108267056.0
2007-07-04,0.64,0.69,0.77,0.64,9752.0,77139920.0
2007-07-05,0.62,0.61,0.74,0.57,16807.0,131891392.0
2007-07-06,0.64,0.63,0.66,0.38,10568.0,80631520.0
2007-07-09,0.62,0.67,0.71,0.62,8067.0,63388972.0
2007-07-10,0.67,0.55,0.7,0.51,11503.0,88289776.0
2007-07-11,0.56,0.51,0.56,0.46,11997.0,91195616.0
2007-07-12,0.5,0.46,0.55,0.44,4112.0,31133900.0
2007-07-13,0.46,0.51,0.61,0.42,7152.0,54201948.0
2007-07-16,0.52,0.45,0.64,0.44,6072.0,46024524.0
2007-07-17,0.42,0.45,0.48,0.42,7317.0,54949276.0
2007-07-18,0.44,0.61,0.64,0.44,13897.0,107531432.0
2007-07-19,0.57,0.6,0.64,0.52,3485.0,26871658.0
2007-07-20,0.61,0.74,0.77,0.6,15636.0,123359672.0
2007-07-23,0.82,0.77,0.96,0.77,35571.0,287789120.0
2007-07-24,0.83,0.79,0.83,0.74,33214.0,266145280.0
2007-07-25,0.83,0.76,0.83,0.63,36545.0,286960000.0
2007-07-26,0.76,0.69,0.8,0.65,25296.0,200322192.0
2007-07-27,0.68,0.7,0.77,0.64,27903.0,219508352.0
2007-07-30,0.68,0.78,0.83,0.68,27561.0,220767168.0
2007-07-31,0.79,0.94,0.96,0.79,25040.0,205289568.0
2007-08-01,0.96,0.71,1.0,0.7,25046.0,201999104.0
2007-08-02,0.74,0.67,0.91,0.61,41897.0,332697248.0
2007-08-03,0.76,0.89,0.92,0.67,45784.0,372840544.0
2007-08-06,0.91,1.02,1.16,0.91,30425.0,257814912.0
2007-08-07,1.02,1.17,1.28,0.93,36084.0,308661792.0
2007-08-08,1.06,1.16,1.24,0.97,40091.0,340213792.0
2007-08-09,1.16,1.53,1.69,1.1,32955.0,298710624.0
2007-08-10,1.58,1.51,1.58,1.26,24927.0,224909504.0
2007-08-13,1.42,1.23,1.48,1.22,25119.0,222172720.0
2007-08-14,1.23,1.27,1.32,1.16,11932.0,103685856.0
2007-08-15,1.27,1.23,1.44,1.16,13475.0,118574112.0
2007-08-16,1.24,1.1,1.24,1.02,22210.0,188180624.0
2007-08-17,1.03,1.0,1.16,1.0,19493.0,164993376.0
2007-08-20,1.13,1.17,1.23,1.06,17658.0,151432208.0
2007-08-21,1.17,1.19,1.35,1.07,31687.0,274466944.0
2007-08-23,1.31,1.42,1.45,1.19,36974.0,327886752.0
2007-08-24,1.5,1.99,1.99,1.5,39033.0,375833792.0
2007-08-27,2.07,1.88,2.17,1.8,30345.0,298717952.0
2007-08-28,1.9,1.88,2.07,1.69,34190.0,331501696.0
2007-08-29,2.04,1.86,2.21,1.85,48339.0,479838752.0
2007-08-30,1.89,2.08,2.18,1.76,34822.0,346254144.0
2007-08-31,2.1,2.44,2.57,1.97,36608.0,382259040.0
2007-09-03,2.43,2.3,2.69,2.28,32609.0,342586368.0
2007-09-04,2.28,1.91,2.3,1.89,52555.0,520740544.0
2007-09-05,1.88,1.96,2.07,1.85,18116.0,178406912.0
2007-09-06,2.05,1.92,2.07,1.89,21576.0,211232272.0
2007-09-07,1.85,1.73,1.91,1.69,30951.0,293508352.0
2007-09-10,1.69,1.95,2.01,1.66,18256.0,175745936.0
2007-09-11,1.96,1.57,2.05,1.56,26507.0,257186048.0
2007-09-12,1.56,1.65,1.72,1.43,20354.0,187961520.0
2007-09-13,1.64,1.85,1.86,1.56,24086.0,229533840.0
2007-09-14,1.9,2.14,2.26,1.89,28517.0,286101184.0
2007-09-17,2.15,2.0,2.21,1.93,24821.0,245324448.0
2007-09-18,1.99,1.76,1.99,1.68,30127.0,286640704.0
2007-09-19,1.76,1.62,1.81,1.55,28831.0,267413568.0
2007-09-20,1.66,1.73,1.75,1.61,46105.0,433167904.0
2007-09-21,1.72,1.65,1.72,1.56,33931.0,314962496.0
2007-09-24,1.65,1.49,1.69,1.43,23200.0,211412864.0
2007-09-25,1.53,1.35,1.53,1.32,43341.0,387177440.0
2007-09-26,1.36,1.36,1.53,1.3,25795.0,230264976.0
2007-09-27,1.37,1.45,1.49,1.33,23867.0,214147920.0
2007-09-28,1.56,1.68,1.75,1.46,27269.0,252564688.0
2007-10-08,1.83,1.6,1.9,1.59,36497.0,343727904.0
2007-10-09,1.57,1.47,1.57,1.42,33147.0,300095232.0
2007-10-10,1.49,1.56,1.7,1.42,56854.0,523758656.0
2007-10-11,1.57,1.46,1.58,1.42,33712.0,305403104.0
2007-10-12,1.53,1.9,1.99,1.43,67289.0,631664832.0
2007-10-15,1.97,2.08,2.21,1.82,78119.0,778275840.0
2007-10-16,2.15,1.96,2.21,1.95,39522.0,393301792.0
2007-10-17,1.9,1.91,2.08,1.87,29248.0,287252960.0
2007-10-18,1.95,1.68,2.08,1.63,28775.0,275390144.0
2007-10-19,1.75,1.54,1.78,1.5,32403.0,300676448.0
2007-10-22,1.46,1.43,1.62,1.36,27964.0,253839744.0
2007-10-23,1.43,1.49,1.53,1.31,21444.0,192612960.0
2007-10-24,1.52,1.56,1.67,1.42,31028.0,284267296.0
2007-10-25,1.56,1.74,1.85,1.36,45345.0,421307392.0
2007-10-26,1.68,1.7,1.9,1.56,42000.0,398024352.0
2007-10-29,1.79,1.66,1.91,1.63,32900.0,311178656.0
2007-10-30,1.75,1.93,1.95,1.67,41820.0,403459360.0
2007-10-31,2.02,2.03,2.27,1.96,66728.0,671842304.0
2007-11-01,2.02,2.25,2.39,1.97,55534.0,562759488.0
2007-11-02,2.15,1.95,2.27,1.9,43924.0,440620512.0
2007-11-05,1.89,2.4,2.59,1.84,65872.0,680487680.0
2007-11-06,2.39,1.79,2.39,1.72,72030.0,703442560.0
2007-11-07,1.74,1.56,1.86,1.5,44099.0,408595520.0
2007-11-08,1.59,1.22,1.62,1.21,49995.0,448805888.0
2007-11-09,1.29,1.32,1.46,1.21,33597.0,297722560.0
2007-11-12,1.22,1.04,1.33,0.9,32752.0,276042720.0
2007-11-13,1.1,0.97,1.19,0.9,29354.0,245453504.0
2007-11-14,1.05,1.17,1.19,0.92,23512.0,199136304.0
2007-11-15,1.17,1.05,1.21,1.04,22698.0,193164688.0
2007-11-16,0.97,1.03,1.04,0.88,19138.0,157386464.0
2007-11-19,0.97,1.08,1.12,0.93,15640.0,132060904.0
2007-11-20,1.04,1.14,1.18,0.97,19135.0,162543408.0
2007-11-21,1.17,1.08,1.25,1.07,12638.0,108800712.0
2007-11-22,0.97,0.84,1.02,0.81,17086.0,140272288.0
2007-11-23,0.82,0.79,0.87,0.71,18060.0,144136960.0
2007-11-26,0.9,0.78,0.93,0.78,14876.0,120877672.0
2007-11-27,0.75,0.65,0.75,0.59,15356.0,120081216.0
2007-11-28,0.65,0.48,0.71,0.32,13783.0,105807744.0
2007-11-29,0.52,0.64,0.67,0.48,19052.0,147068976.0
2007-11-30,0.67,0.54,0.7,0.5,16228.0,125297544.0
2007-12-03,0.54,0.61,0.69,0.49,10341.0,79996616.0
2007-12-04,0.64,0.67,0.71,0.64,9535.0,74665600.0
2007-12-05,0.67,0.79,0.83,0.62,13884.0,110420816.0
2007-12-06,0.8,0.73,0.86,0.71,9563.0,76587904.0
2007-12-07,0.78,0.82,0.89,0.7,10816.0,86759512.0
2007-12-10,0.72,0.91,0.96,0.7,18297.0,149647504.0
2007-12-11,0.92,0.96,1.05,0.91,21828.0,181268128.0
2007-12-12,0.97,1.01,1.01,0.87,13908.0,114453800.0
2007-12-13,0.99,0.71,0.99,0.7,21542.0,173737904.0
2007-12-14,0.68,0.76,0.77,0.55,20993.0,163493872.0
2007-12-17,0.74,0.65,0.75,0.64,17387.0,136233776.0
2007-12-18,0.58,0.71,0.78,0.58,15111.0,119432552.0
2007-12-19,0.73,0.85,0.85,0.71,12327.0,99199160.0
2007-12-20,0.91,0.91,0.94,0.85,9429.0,77191864.0
2007-12-21,0.91,1.04,1.04,0.87,17434.0,144556192.0
2007-12-25,1.21,1.1,1.24,1.06,28162.0,241705936.0
2007-12-26,1.1,1.23,1.25,1.09,30426.0,261501936.0
2007-12-27,1.27,1.25,1.32,1.23,20959.0,183011920.0
2007-12-28,1.25,1.21,1.27,1.12,15936.0,137066240.0
2008-01-02,1.21,1.1,1.21,1.07,21107.0,179392800.0
2008-01-03,1.1,1.04,1.14,1.02,26904.0,226283248.0
2008-01-04,1.06,1.19,1.22,1.06,20658.0,177672384.0
2008-01-07,1.2,1.14,1.23,1.13,30981.0,266216112.0
2008-01-08,1.17,1.59,1.7,1.17,76024.0,694723968.0
2008-01-09,1.69,1.79,1.88,1.62,58480.0,558206016.0
2008-01-10,1.79,1.81,1.87,1.69,32408.0,309022304.0
2008-01-11,1.79,1.89,1.9,1.69,31518.0,301829984.0
2008-01-14,1.93,1.89,1.96,1.76,32288.0,311530848.0
2008-01-15,1.88,1.73,1.89,1.73,24614.0,235588272.0
2008-01-16,1.63,1.4,1.71,1.38,36296.0,332760896.0
2008-01-17,1.36,1.49,1.55,1.23,39462.0,353885696.0
2008-01-18,1.43,1.46,1.51,1.33,16990.0,152861008.0
2008-01-21,1.47,1.02,1.47,1.01,32644.0,283179200.0
2008-01-22,0.78,0.52,0.93,0.49,38563.0,301082560.0
2008-01-23,0.64,0.71,0.81,0.54,32301.0,253507088.0
2008-01-24,0.81,1.01,1.07,0.7,37325.0,306909664.0
2008-01-25,1.01,0.9,1.1,0.84,16559.0,137829840.0
2008-01-28,0.84,0.94,1.09,0.69,42463.0,345901248.0
2008-01-29,0.93,0.94,1.08,0.88,22954.0,190069680.0
2008-01-30,0.99,0.85,1.04,0.84,14989.0,123079488.0
2008-01-31,0.84,0.72,0.84,0.68,13149.0,104844336.0
2008-02-01,0.65,0.57,0.77,0.36,16817.0,128647472.0
2008-02-04,0.78,0.97,1.0,0.67,20549.0,168437504.0
2008-02-05,0.94,0.94,1.07,0.86,11870.0,98471496.0
2008-02-13,0.89,0.75,0.89,0.69,9296.0,74708896.0
2008-02-14,0.78,0.83,0.88,0.75,9085.0,73372336.0
2008-02-15,0.8,0.81,0.82,0.71,6620.0,52896268.0
2008-02-18,0.85,0.88,0.96,0.84,9589.0,78777224.0
2008-02-19,0.88,1.01,1.07,0.85,9879.0,81939856.0
2008-02-20,1.04,0.97,1.18,0.94,16519.0,139376160.0
2008-02-21,0.96,0.97,1.01,0.91,11454.0,94640064.0
2008-02-22,0.95,0.82,0.99,0.78,11854.0,96206880.0
2008-02-25,0.88,0.53,0.88,0.52,9905.0,77334616.0
2008-02-26,0.63,0.5,0.75,0.36,12442.0,94534248.0
2008-02-27,0.55,0.6,0.67,0.5,8221.0,63327288.0
2008-02-28,0.6,0.45,0.61,0.44,22473.0,169469584.0
2008-02-29,0.45,0.48,0.52,0.39,14493.0,109052248.0
2008-03-03,0.45,0.53,0.57,0.39,26645.0,201831488.0
2008-03-04,0.58,0.37,0.58,0.36,32445.0,242113376.0
2008-03-05,0.34,0.18,0.37,0.05,36005.0,254392128.0
2008-03-06,0.19,0.13,0.24,0.02,40068.0,280612640.0
2008-03-07,0.09,-0.04,0.09,-0.04,35677.0,243028320.0
2008-03-10,-0.03,-0.13,0.04,-0.17,31080.0,208525776.0
2008-03-11,-0.13,-0.26,-0.13,-0.4,50699.0,321911776.0
2008-04-30,-0.68,0.14,0.15,-0.68,100385.0,660644224.0
2008-05-05,0.45,0.31,0.45,0.18,91145.0,663781696.0
2008-05-06,0.31,0.12,0.31,0.08,65599.0,462470944.0
2008-05-07,0.08,-0.16,0.18,-0.17,56562.0,387612544.0
2008-05-08,-0.21,-0.06,-0.03,-0.29,35277.0,231897600.0
2008-05-09,-0.05,-0.18,0.02,-0.23,40827.0,269320160.0
2008-05-12,-0.21,-0.17,-0.12,-0.37,36146.0,233313168.0
2008-05-13,-0.29,-0.26,-0.17,-0.33,28577.0,183011792.0
2008-05-14,-0.26,-0.12,-0.09,-0.27,25753.0,170020896.0
2008-05-15,-0.09,-0.07,0.09,-0.09,31901.0,217674944.0
2008-05-16,-0.05,0.03,0.13,-0.07,42505.0,290950976.0
2008-05-19,0.02,-0.04,0.03,-0.1,18980.0,127705416.0
2008-05-20,-0.04,-0.29,0.02,-0.32,25792.0,170946960.0
2008-05-21,-0.32,-0.3,-0.26,-0.42,31982.0,200221312.0
2008-05-22,-0.3,-0.4,-0.3,-0.41,26943.0,167545904.0
2008-05-23,-0.4,-0.5,-0.37,-0.54,18297.0,111177272.0
2008-05-26,-0.52,-0.61,-0.48,-0.61,20355.0,121189624.0
2008-05-27,-0.61,-0.44,-0.44,-0.64,41560.0,246484592.0
2008-05-28,-0.44,-0.44,-0.37,-0.52,29910.0,182828928.0
2008-05-29,-0.43,-0.57,-0.43,-0.58,19203.0,116052304.0
2008-05-30,-0.57,-0.54,-0.52,-0.6,18131.0,107804192.0
2008-06-02,-0.56,-0.58,-0.55,-0.62,12459.0,73616232.0
2008-06-03,-0.58,-0.59,-0.55,-0.63,9937.0,58625980.0
2008-06-04,-0.59,-0.61,-0.59,-0.66,10289.0,59895552.0
2008-06-05,-0.66,-0.65,-0.61,-0.67,7339.0,42696296.0
2008-06-06,-0.63,-0.66,-0.62,-0.69,12441.0,71971240.0
2008-06-10,-0.78,-1.04,-0.78,-1.04,25190.0,134418064.0
2008-06-11,-1.17,-1.25,-1.04,-1.27,21149.0,105569504.0
2008-06-12,-1.24,-1.34,-1.19,-1.42,23260.0,110474232.0
2008-06-13,-1.34,-1.54,-1.31,-1.54,18817.0,86302448.0
2008-06-16,-1.53,-1.67,-1.5,-1.75,24074.0,102847064.0
2008-06-17,-1.67,-1.78,-1.62,-1.78,18537.0,77501296.0
2008-06-18,-1.78,-1.55,-1.53,-1.82,39064.0,168310432.0
2008-06-20,-1.77,-1.7,-1.4,-1.79,56626.0,246306896.0
2008-06-23,-1.7,-1.73,-1.63,-1.76,17186.0,72079424.0
2008-06-24,-1.76,-1.7,-1.67,-1.78,16097.0,67087992.0
2008-06-25,-1.7,-1.53,-1.53,-1.72,37426.0,163251056.0
2008-06-26,-1.55,-1.55,-1.47,-1.62,34629.0,153185504.0
2008-06-27,-1.67,-1.77,-1.63,-1.79,29990.0,124511992.0
2008-06-30,-1.83,-1.81,-1.73,-1.9,22182.0,88813800.0
2008-07-01,-1.81,-1.8,-1.7,-1.84,24820.0,101358800.0
2008-07-02,-1.76,-1.78,-1.73,-1.81,13358.0,54469460.0
2008-07-03,-1.8,-1.7,-1.61,-1.89,34730.0,144305072.0
2008-07-04,-1.7,-1.74,-1.67,-1.77,15326.0,63645800.0
2008-07-07,-1.71,-1.58,-1.57,-1.72,39747.0,170978352.0
2008-07-08,-1.53,-1.5,-1.45,-1.57,54644.0,245866192.0
2008-07-09,-1.47,-1.42,-1.4,-1.53,64631.0,294014368.0
2008-07-10,-1.48,-1.37,-1.19,-1.51,67062.0,315478080.0
2008-07-11,-1.4,-1.41,-1.29,-1.45,41377.0,194229296.0
2008-07-14,-1.44,-1.43,-1.41,-1.51,30014.0,136918768.0
2008-07-15,-1.43,-1.61,-1.41,-1.61,37440.0,166944368.0
2008-07-16,-1.63,-1.74,-1.61,-1.79,26906.0,113241600.0
2008-07-17,-1.68,-1.74,-1.63,-1.77,20332.0,85175776.0
2008-07-18,-1.72,-1.66,-1.63,-1.77,25877.0,108789768.0
2008-07-21,-1.7,-1.56,-1.55,-1.71,29956.0,129825840.0
2008-07-22,-1.56,-1.54,-1.49,-1.58,24955.0,110789904.0
2008-07-23,-1.53,-1.57,-1.48,-1.6,23787.0,106179928.0
2008-07-24,-1.43,-1.45,-1.41,-1.51,37720.0,172142432.0
2008-07-25,-1.47,-1.43,-1.39,-1.5,29710.0,136719952.0
2008-07-28,-1.38,-1.42,-1.35,-1.43,23150.0,107782624.0
2008-07-29,-1.45,-1.53,-1.45,-1.55,20314.0,91173672.0
2008-07-30,-1.48,-1.5,-1.43,-1.52,18086.0,82150216.0
2008-07-31,-1.47,-1.59,-1.46,-1.59,16981.0,75139400.0
2008-08-01,-1.61,-1.54,-1.5,-1.64,13224.0,57995096.0
2008-08-04,-1.55,-1.63,-1.54,-1.63,10855.0,47525816.0
2008-08-05,-1.63,-1.67,-1.58,-1.68,13081.0,56121120.0
2008-08-06,-1.64,-1.63,-1.6,-1.71,12856.0,54951276.0
2008-08-07,-1.64,-1.66,-1.6,-1.69,12340.0,52776008.0
2008-08-08,-1.65,-1.82,-1.62,-1.84,15660.0,64647768.0
2008-08-11,-1.83,-2.05,-1.8,-2.06,25593.0,96808496.0
2008-08-12,-2.09,-2.05,-2.01,-2.09,12568.0,45891788.0
2008-08-13,-2.05,-2.09,-2.05,-2.18,20431.0,72893896.0
2008-08-14,-2.09,-2.09,-2.05,-2.1,21519.0,77627688.0
2008-08-15,-2.09,-2.0,-1.98,-2.13,25812.0,93228832.0
2008-08-18,-2.0,-2.08,-1.99,-2.1,17559.0,63085088.0
2008-08-19,-2.11,-2.01,-2.01,-2.11,16315.0,59197096.0
2008-08-21,-1.77,-1.89,-1.77,-1.89,90200.0,356563296.0
2008-08-22,-1.93,-1.81,-1.77,-1.94,46740.0,184047616.0
2008-08-25,-1.8,-1.88,-1.78,-1.89,32241.0,126702144.0
2008-08-26,-1.93,-1.91,-1.91,-1.98,25659.0,96969232.0
2008-08-27,-1.93,-1.95,-1.87,-1.98,16937.0,64057184.0
2008-08-28,-1.94,-1.9,-1.87,-1.97,15995.0,61111748.0
2008-08-29,-1.89,-1.8,-1.78,-1.89,31906.0,126588520.0
2008-09-01,-1.81,-1.92,-1.81,-1.93,24089.0,93000480.0
2008-09-02,-1.94,-1.95,-1.9,-1.98,15564.0,58939836.0
2008-09-03,-1.95,-2.03,-1.92,-2.07,24226.0,88959608.0
2008-09-04,-2.03,-2.0,-1.97,-2.06,9076.0,33287126.0
2008-09-05,-2.06,-2.11,-2.04,-2.12,19650.0,69942552.0
2008-09-08,-2.09,-2.17,-2.07,-2.18,16240.0,56498316.0
2008-09-09,-2.16,-2.13,-2.1,-2.19,14963.0,51823412.0
2008-09-10,-2.16,-2.11,-2.03,-2.17,14161.0,50181616.0
2008-09-11,-2.12,-2.15,-2.07,-2.16,10914.0,38209516.0
2008-09-12,-2.15,-2.09,-2.07,-2.15,16570.0,58697560.0
2008-09-16,-2.12,-2.12,-2.07,-2.15,22426.0,78904544.0
2008-09-17,-2.12,-2.1,-2.05,-2.13,22949.0,81382504.0
2008-09-18,-2.14,-2.26,-2.12,-2.33,37298.0,123135408.0
2008-09-19,-2.04,-2.04,-2.04,-2.08,25737.0,93102488.0
2008-09-22,-1.88,-1.91,-1.81,-2.03,68301.0,261780784.0
2008-09-23,-2.02,-2.04,-1.98,-2.04,29222.0,107137312.0
2008-09-24,-2.08,-2.07,-2.07,-2.13,17548.0,62135016.0
2008-09-25,-2.06,-1.96,-1.93,-2.06,33226.0,123959224.0
2008-09-26,-1.93,-1.87,-1.85,-1.94,48552.0,187579696.0
2008-10-06,-1.89,-1.98,-1.89,-1.98,23428.0,88461544.0
2008-10-07,-2.06,-1.99,-1.97,-2.08,15247.0,55393676.0
2008-10-08,-2.03,-2.06,-2.0,-2.08,18663.0,67388792.0
2008-10-09,-2.02,-2.04,-2.0,-2.05,19359.0,70694232.0
2008-10-10,-2.13,-2.17,-2.11,-2.17,16212.0,56098288.0
2008-10-13,-2.17,-2.04,-2.04,-2.27,18838.0,64166548.0
2008-10-14,-1.96,-2.12,-1.93,-2.12,15181.0,55684876.0
2008-10-15,-2.1,-2.12,-2.09,-2.14,9007.0,31624802.0
2008-10-16,-2.2,-2.32,-2.2,-2.32,17897.0,58920432.0
2008-10-17,-2.26,-2.32,-2.26,-2.35,19146.0,61133212.0
2008-10-20,-2.32,-2.28,-2.27,-2.4,17502.0,55706328.0
2008-10-21,-2.27,-2.31,-2.25,-2.32,18605.0,60477056.0
2008-10-22,-2.34,-2.38,-2.31,-2.4,22441.0,69977504.0
2008-10-23,-2.45,-2.48,-2.42,-2.53,37937.0,111911512.0
2008-10-24,-2.47,-2.62,-2.47,-2.64,44139.0,124449216.0
2008-10-27,-2.68,-2.8,-2.68,-2.8,38630.0,98333552.0
2008-10-28,-2.86,-2.78,-2.75,-2.88,35750.0,87789784.0
2008-10-29,-2.74,-2.91,-2.73,-2.91,35118.0,84601848.0
2008-10-30,-2.9,-2.87,-2.84,-2.98,35072.0,81172136.0
2008-10-31,-2.87,-2.9,-2.87,-2.92,15625.0,36142700.0
2008-11-04,-2.9,-2.98,-2.9,-2.98,21189.0,46942248.0
2008-11-05,-2.97,-2.92,-2.89,-2.97,34584.0,78647432.0
2008-11-06,-2.97,-2.96,-2.95,-2.98,12501.0,27610150.0
2008-11-07,-3.0,-2.94,-2.93,-3.01,15580.0,34410272.0
2008-11-10,-2.91,-2.8,-2.8,-2.91,48943.0,118965128.0
2008-11-11,-2.79,-2.75,-2.68,-2.8,61584.0,157938496.0
2008-11-12,-2.77,-2.73,-2.71,-2.79,27236.0,69197608.0
2008-11-13,-2.75,-2.65,-2.62,-2.79,63748.0,167665856.0
2008-11-14,-2.63,-2.58,-2.56,-2.67,64713.0,178768224.0
2008-11-17,-2.58,-2.5,-2.48,-2.6,53943.0,154472000.0
2008-11-18,-2.51,-2.69,-2.51,-2.69,68056.0,187639008.0
2008-11-19,-2.71,-2.52,-2.52,-2.72,56971.0,158530288.0
2008-11-20,-2.57,-2.45,-2.38,-2.59,71295.0,212223584.0
2008-11-21,-2.51,-2.51,-2.42,-2.59,51201.0,148816208.0
2008-11-24,-2.5,-2.66,-2.48,-2.67,46005.0,127891664.0
2008-11-25,-2.62,-2.64,-2.59,-2.7,26567.0,71592144.0
2008-11-26,-2.65,-2.65,-2.61,-2.69,18601.0,50120268.0
2008-11-27,-2.52,-2.62,-2.5,-2.62,40680.0,115311152.0
2008-11-28,-2.63,-2.65,-2.61,-2.67,16884.0,45661420.0
2008-12-01,-2.64,-2.59,-2.59,-2.68,25584.0,70086128.0
2008-12-02,-2.64,-2.6,-2.57,-2.66,23234.0,64005460.0
2008-12-03,-2.59,-2.49,-2.48,-2.59,47282.0,137157984.0
2008-12-04,-2.46,-2.48,-2.38,-2.49,72649.0,220279536.0
2008-12-05,-2.48,-2.43,-2.42,-2.5,31896.0,94898256.0
2008-12-08,-2.31,-2.24,-2.24,-2.31,95711.0,317137056.0
2008-12-09,-2.19,-2.22,-2.14,-2.26,84916.0,288024128.0
2008-12-10,-2.2,-2.16,-2.15,-2.31,56425.0,188474752.0
2008-12-11,-2.19,-2.21,-2.12,-2.21,48314.0,165678528.0
2008-12-12,-2.22,-2.25,-2.14,-2.36,64987.0,216246080.0
2008-12-15,-2.2,-2.32,-2.19,-2.35,47247.0,152731680.0
2008-12-16,-2.34,-2.36,-2.34,-2.52,67955.0,128187520.0
2008-12-17,-2.36,-2.35,-2.3,-2.41,58749.0,115759328.0
2008-12-18,-2.36,-2.35,-2.34,-2.4,41647.0,81328520.0
2008-12-19,-2.33,-2.25,-2.21,-2.33,90060.0,186412464.0
2008-12-22,-2.22,-2.25,-2.22,-2.31,57020.0,117860080.0
2008-12-23,-2.26,-2.42,-2.26,-2.42,71176.0,140585888.0
2008-12-24,-2.45,-2.46,-2.43,-2.48,38464.0,71948656.0
2008-12-25,-2.46,-2.45,-2.42,-2.48,27367.0,51254104.0
2008-12-26,-2.44,-2.45,-2.43,-2.47,21050.0,39489152.0
2008-12-29,-2.45,-2.52,-2.45,-2.57,36049.0,64787752.0
2008-12-30,-2.55,-2.54,-2.5,-2.55,24952.0,45063156.0
2008-12-31,-2.54,-2.53,-2.51,-2.54,20846.0,37583612.0
2009-01-05,-2.5,-2.42,-2.42,-2.5,38160.0,71678008.0
2009-01-06,-2.41,-2.28,-2.26,-2.44,83583.0,168010048.0
2009-01-07,-2.28,-2.29,-2.24,-2.33,85990.0,175133872.0
2009-01-08,-2.32,-2.34,-2.29,-2.35,55285.0,110438096.0
2009-01-09,-2.34,-2.28,-2.27,-2.36,47537.0,95963656.0
2009-01-12,-2.28,-2.28,-2.23,-2.31,42068.0,86252656.0
2009-01-13,-2.29,-2.27,-2.2,-2.32,61906.0,127968664.0
2009-01-14,-2.27,-2.21,-2.21,-2.3,63483.0,132488840.0
2009-01-15,-2.22,-2.1,-2.08,-2.23,107035.0,233329616.0
2009-01-16,-2.1,-2.03,-1.89,-2.11,96674.0,225322048.0
2009-01-19,-2.01,-2.01,-1.94,-2.11,71177.0,162949904.0
2009-01-20,-2.01,-1.93,-1.92,-2.07,81987.0,190710976.0
2009-01-21,-1.97,-1.73,-1.72,-1.99,146452.0,363711968.0
2009-01-22,-1.73,-1.71,-1.64,-1.78,89189.0,229649488.0
2009-01-23,-1.71,-1.71,-1.65,-1.79,63829.0,164690128.0
2009-02-02,-1.7,-1.64,-1.62,-1.74,65214.0,171249328.0
2009-02-03,-1.67,-1.59,-1.56,-1.69,66224.0,177243088.0
2009-02-04,-1.59,-1.65,-1.56,-1.71,144540.0,380820512.0
2009-02-05,-1.65,-1.75,-1.64,-1.78,118603.0,306521824.0
2009-02-06,-1.76,-1.7,-1.68,-1.77,114371.0,296654816.0
2009-02-09,-1.67,-1.6,-1.57,-1.67,118997.0,317360192.0
2009-02-10,-1.61,-1.62,-1.61,-1.7,93095.0,245338048.0
2009-02-12,-1.6,-1.57,-1.48,-1.7,134586.0,364145280.0
2009-02-13,-1.56,-1.47,-1.47,-1.61,172528.0,472080320.0
2009-02-16,-1.42,-1.44,-1.4,-1.54,150979.0,424948000.0
2009-02-17,-1.47,-1.59,-1.45,-1.59,120318.0,331016992.0
2009-02-18,-1.65,-1.7,-1.56,-1.7,106860.0,282398912.0
2009-02-23,-1.43,-1.43,-1.43,-1.43,39646.0,112951480.0
2009-02-24,-1.22,-1.33,-1.14,-1.38,241113.0,727307072.0
2009-02-25,-1.32,-1.47,-1.24,-1.56,152795.0,434460576.0
2009-02-26,-1.46,-1.69,-1.43,-1.75,88573.0,240830624.0
2009-02-27,-1.77,-1.85,-1.7,-1.96,77401.0,191065168.0
2009-03-02,-1.86,-1.79,-1.76,-1.91,56759.0,141564320.0
2009-03-03,-1.86,-1.69,-1.63,-1.9,83200.0,214309952.0
2009-03-04,-1.68,-1.48,-1.47,-1.68,84809.0,234411840.0
2009-03-05,-1.39,-1.51,-1.38,-1.56,80231.0,225128400.0
2009-03-11,-1.33,-1.54,-1.33,-1.57,79516.0,223573264.0
2009-03-17,-1.51,-1.43,-1.42,-1.51,69750.0,196939088.0
2009-03-18,-1.43,-1.3,-1.21,-1.43,106067.0,314739904.0
2009-03-19,-1.3,-1.27,-1.24,-1.31,64762.0,194793520.0
2009-03-20,-1.27,-1.35,-1.26,-1.4,60959.0,178628800.0
2009-03-23,-1.35,-1.2,-1.15,-1.36,93801.0,286481152.0
2009-03-24,-1.13,-1.13,-1.07,-1.17,75988.0,240043344.0
2009-03-25,-1.17,-1.25,-1.14,-1.25,70737.0,217033248.0
2009-03-26,-1.25,-1.21,-1.2,-1.38,57692.0,172998272.0
2009-03-27,-1.12,-1.15,-1.11,-1.21,76109.0,236398544.0
2009-03-30,-1.14,-1.08,-1.03,-1.15,82793.0,265185792.0
2009-03-31,-1.16,-1.12,-1.09,-1.21,56437.0,175915280.0
2009-04-01,-1.1,-1.07,-1.03,-1.1,59772.0,191740800.0
2009-04-02,-1.05,-0.96,-0.93,-1.08,87142.0,283585280.0
2009-04-03,-0.91,-1.02,-0.91,-1.03,66604.0,218289792.0
2009-04-07,-1.01,-1.1,-0.98,-1.11,54438.0,173862320.0
2009-04-08,-1.12,-1.2,-1.04,-1.2,55446.0,174270480.0
2009-04-09,-1.21,-1.16,-1.15,-1.21,35926.0,111041432.0
2009-04-10,-1.14,-1.08,-1.07,-1.17,48486.0,153105696.0
2009-04-13,-1.06,-1.06,-1.02,-1.09,67087.0,215424784.0
2009-04-14,-1.06,-0.87,-0.8,-1.1,86048.0,289228896.0
2009-04-15,-0.9,-0.92,-0.87,-1.0,47067.0,156398832.0
2009-04-16,-0.91,-0.83,-0.82,-0.91,70342.0,239735360.0
2009-04-17,-0.83,-0.96,-0.83,-0.98,43414.0,144604480.0
2009-04-20,-0.96,-0.89,-0.86,-1.0,28357.0,94789904.0
2009-04-21,-0.91,-0.97,-0.89,-1.06,42157.0,138969152.0
2009-04-22,-0.96,-1.13,-0.89,-1.17,56970.0,184689920.0
2009-04-23,-1.17,-1.15,-1.12,-1.22,37899.0,117249288.0
2009-04-24,-1.12,-1.09,-1.03,-1.12,33173.0,105662984.0
2009-04-27,-1.01,-0.93,-0.9,-1.08,76276.0,249293408.0
2009-04-28,-1.17,-1.17,-1.05,-1.27,92802.0,290968640.0
2009-04-29,-1.17,-1.04,-1.0,-1.18,52347.0,167572512.0
2009-04-30,-1.04,-0.99,-0.93,-1.04,58734.0,193946864.0
2009-05-04,-0.99,-0.76,-0.73,-0.99,82697.0,282294336.0
2009-05-05,-0.74,-0.76,-0.74,-0.82,56323.0,195558416.0
2009-05-06,-0.77,-0.67,-0.6,-0.8,67291.0,240047920.0
2009-05-07,-0.67,-0.76,-0.65,-0.78,48718.0,172408256.0
2009-05-08,-0.77,-0.8,-0.75,-0.82,37596.0,130639592.0
2009-05-11,-0.8,-0.87,-0.72,-0.88,36169.0,124276872.0
2009-05-12,-0.89,-0.91,-0.89,-0.97,35463.0,117998824.0
2009-05-13,-0.89,-0.86,-0.83,-0.93,42158.0,142578304.0
2009-05-14,-0.9,-0.92,-0.87,-0.96,27315.0,91245160.0
2009-05-15,-0.93,-0.94,-0.89,-0.96,33083.0,110119152.0
2009-05-18,-0.96,-0.75,-0.7,-0.96,49404.0,169974976.0
2009-05-19,-0.75,-0.58,-0.45,-0.75,100580.0,370735808.0
2009-05-20,-0.57,-0.66,-0.47,-0.67,36568.0,134268816.0
2009-05-21,-0.66,-0.73,-0.66,-0.76,27976.0,98631240.0
2009-05-22,-0.74,-0.66,-0.61,-0.78,36232.0,129810704.0
2009-05-25,-0.65,-0.65,-0.5,-0.7,77034.0,279124576.0
2009-05-26,-0.66,-0.74,-0.65,-0.76,54090.0,191031984.0
2009-05-27,-0.72,-0.8,-0.7,-0.81,32674.0,113788016.0
2009-06-01,-0.77,-0.73,-0.67,-0.81,35866.0,126103320.0
2009-06-02,-0.72,-0.78,-0.71,-0.81,41963.0,145961280.0
2009-06-03,-0.76,-0.77,-0.71,-0.8,55665.0,194226288.0
2009-06-04,-0.75,-0.78,-0.75,-0.85,40848.0,141026592.0
2009-06-05,-0.78,-0.89,-0.78,-0.9,81009.0,274874688.0
2009-06-08,-0.88,-0.91,-0.84,-0.93,35146.0,118895832.0
2009-06-09,-0.91,-0.95,-0.86,-1.01,48845.0,161252048.0
2009-06-10,-0.96,-0.85,-0.84,-0.96,47299.0,160420144.0
2009-06-11,-0.84,-0.9,-0.8,-0.91,28388.0,96486944.0
2009-06-12,-0.89,-0.98,-0.87,-0.99,30299.0,100452056.0
2009-06-15,-0.96,-0.91,-0.86,-0.98,33435.0,112035056.0
2009-06-16,-0.94,-0.95,-0.94,-0.98,20778.0,68636064.0
2009-06-17,-0.95,-0.88,-0.85,-0.97,38646.0,130373056.0
2009-06-18,-0.88,-0.78,-0.74,-0.89,57484.0,200372816.0
2009-06-22,-0.76,-0.86,-0.71,-0.87,37711.0,129248816.0
2009-06-23,-0.88,-0.86,-0.83,-0.93,28382.0,95619824.0
2009-06-24,-0.86,-0.68,-0.67,-0.9,108327.0,384034528.0
2009-06-25,-0.66,-0.71,-0.57,-0.74,56270.0,203259536.0
2009-06-26,-0.71,-0.72,-0.62,-0.72,28040.0,100208992.0
2009-06-29,-0.73,-0.55,-0.52,-0.75,64450.0,234098736.0
2009-06-30,-0.56,-0.61,-0.49,-0.61,45786.0,169172208.0
2009-07-01,-0.63,-0.58,-0.51,-0.64,46879.0,173530448.0
2009-07-02,-0.58,-0.58,-0.52,-0.6,33065.0,121350616.0
2009-07-03,-0.6,-0.68,-0.6,-0.73,59278.0,211552560.0
2009-07-06,-0.68,-0.67,-0.65,-0.76,60374.0,213040224.0
2009-07-07,-0.65,-0.58,-0.53,-0.69,58691.0,213460352.0
2009-07-08,-0.61,-0.65,-0.61,-0.7,36031.0,129355696.0
2009-07-09,-0.65,-0.53,-0.5,-0.67,57913.0,213474336.0
2009-07-10,-0.5,-0.23,-0.14,-0.5,96197.0,381729248.0
2009-07-13,-0.29,0.02,0.11,-0.32,66832.0,280066944.0
2009-07-14,0.07,0.25,0.28,-0.01,89959.0,392248000.0
2009-07-15,0.25,0.14,0.25,0.11,47877.0,209134432.0
2009-07-16,0.14,0.09,0.25,0.06,58800.0,254571152.0
2009-07-17,0.1,0.0,0.19,-0.04,52649.0,223250960.0
2009-07-20,0.03,0.04,0.07,-0.07,50651.0,213961632.0
2009-07-21,0.03,-0.09,0.03,-0.1,41667.0,174379904.0
2009-07-22,-0.09,-0.13,0.02,-0.14,54558.0,226241280.0
2009-07-23,-0.11,-0.11,-0.04,-0.14,53678.0,221345584.0
2009-07-24,-0.08,0.04,0.1,-0.09,86982.0,369595584.0
2009-07-27,0.06,0.05,0.09,-0.01,43936.0,186894736.0
2009-07-28,0.03,-0.04,0.05,-0.1,70605.0,295212032.0
2009-07-29,-0.04,-0.25,0.01,-0.47,62472.0,253991776.0
2009-07-30,-0.22,-0.07,-0.06,-0.34,57195.0,232305232.0
2009-07-31,-0.07,0.02,0.11,-0.07,66742.0,284535648.0
2009-08-03,0.06,0.15,0.18,-0.03,58696.0,254324848.0
2009-08-04,0.18,0.35,0.38,0.11,81407.0,361683328.0
2009-08-05,0.36,0.32,0.56,0.31,60219.0,278912128.0
2009-08-06,0.32,0.12,0.32,0.09,33255.0,146309056.0
2009-08-07,0.16,-0.01,0.22,-0.01,34874.0,150211504.0
2009-08-10,0.0,0.09,0.09,-0.02,41418.0,176229952.0
2009-08-11,0.09,0.21,0.31,0.09,41916.0,185558496.0
2009-08-12,0.25,-0.01,0.25,-0.12,43056.0,183336336.0
2009-08-13,-0.04,0.04,0.11,-0.1,41621.0,175981232.0
2009-08-14,0.02,-0.11,0.07,-0.13,26760.0,111388040.0
2009-08-19,-0.23,-0.35,-0.18,-0.45,55428.0,215946592.0
2009-08-20,-0.48,-0.1,-0.1,-0.48,54579.0,215443136.0
2009-08-21,-0.17,-0.11,0.01,-0.18,38093.0,157344336.0
2009-08-24,-0.07,-0.1,-0.02,-0.15,20269.0,83308768.0
2009-08-25,-0.13,-0.21,-0.1,-0.33,26504.0,105930824.0
2009-08-26,-0.22,-0.09,-0.06,-0.26,36116.0,147934256.0
2009-08-27,-0.09,-0.06,0.01,-0.14,23068.0,95946392.0
2009-08-28,-0.01,-0.09,0.09,-0.14,36343.0,151324928.0
2009-08-31,-0.06,-0.37,0.03,-0.4,66297.0,265897664.0
2009-09-01,-0.39,-0.25,-0.19,-0.41,50376.0,199166000.0
2009-09-02,-0.3,-0.26,-0.21,-0.31,27651.0,109795528.0
2009-09-03,-0.26,-0.04,-0.04,-0.26,30850.0,126254728.0
2009-09-04,-0.04,0.04,0.08,-0.05,35443.0,149550384.0
2009-09-07,0.09,0.08,0.15,0.04,32118.0,138668256.0
2009-09-08,0.08,0.29,0.36,-0.01,67176.0,299225344.0
2009-09-09,0.29,0.76,0.76,0.28,144707.0,699493824.0
2009-09-10,0.76,0.6,0.8,0.57,49703.0,241647200.0
2009-09-11,0.54,0.65,0.71,0.54,57935.0,279924960.0
2009-09-14,0.66,0.71,0.77,0.64,37999.0,185092304.0
2009-09-15,0.72,0.6,0.73,0.59,33045.0,159218256.0
2009-09-16,0.56,0.54,0.59,0.44,30756.0,144675568.0
2009-09-17,0.53,0.73,0.73,0.52,44745.0,214905408.0
2009-09-18,0.73,0.61,0.75,0.49,41146.0,198390192.0
2009-09-21,0.56,0.87,0.89,0.51,90855.0,447971424.0
2009-09-22,0.88,0.97,1.27,0.85,95404.0,503793440.0
2009-09-23,0.95,0.88,1.05,0.76,58652.0,298562400.0
2009-09-24,0.85,0.82,0.97,0.64,48199.0,240304240.0
2009-09-25,0.79,0.88,0.98,0.7,27266.0,136336624.0
2009-09-28,0.89,0.66,0.97,0.58,28469.0,139956736.0
2009-09-29,0.61,0.59,0.7,0.51,29622.0,142002928.0
2009-09-30,0.62,0.84,0.87,0.62,36112.0,178202224.0
2009-10-09,0.92,1.03,1.06,0.87,22062.0,114168568.0
2009-10-12,1.04,1.16,1.23,1.04,30122.0,160574976.0
2009-10-13,1.15,1.18,1.31,1.13,21865.0,117415464.0
2009-10-14,1.25,1.13,1.34,1.07,35155.0,188704576.0
2009-10-15,1.14,1.05,1.17,1.01,42889.0,224240176.0
2009-10-16,1.04,1.48,1.52,1.04,83397.0,462135200.0
2009-10-19,1.44,1.54,1.77,1.39,75181.0,432214240.0
2009-10-20,1.54,1.64,1.69,1.47,43371.0,249663136.0
2009-10-21,1.6,1.62,1.75,1.57,31902.0,186169104.0
2009-10-22,1.6,1.51,1.69,1.48,27259.0,154612256.0
2009-10-23,1.6,1.6,1.65,1.52,31064.0,178238880.0
2009-10-26,1.78,2.07,2.07,1.78,66464.0,401976352.0
2009-10-27,2.0,2.04,2.28,1.93,57744.0,363075168.0
2009-10-28,2.04,1.91,2.1,1.84,35736.0,216854928.0
2009-10-29,1.86,2.04,2.17,1.81,42990.0,264859584.0
2009-10-30,2.14,2.2,2.33,2.09,39391.0,250191232.0
2009-11-02,2.06,2.36,2.37,2.0,37810.0,240564304.0
2009-11-03,2.36,2.34,2.54,2.2,58969.0,379685376.0
2009-11-04,2.34,2.26,2.34,2.15,48787.0,309321152.0
2009-11-05,2.25,2.07,2.26,2.02,75326.0,468176160.0
2009-11-06,2.15,2.15,2.23,2.03,46111.0,288216736.0
2009-11-09,2.18,2.2,2.34,2.14,37951.0,240810224.0
2009-11-10,2.23,2.15,2.27,2.09,33561.0,210549952.0
2009-11-11,2.14,2.06,2.14,2.05,35340.0,219192368.0
2009-11-12,2.06,2.14,2.24,2.06,40566.0,255448496.0
2009-11-13,2.15,2.38,2.39,2.14,68710.0,436554240.0
2009-11-16,2.45,2.42,2.49,2.32,85966.0,560930240.0
2009-11-17,2.41,2.32,2.44,2.3,52387.0,338812288.0
2009-11-18,2.33,2.21,2.37,2.19,43655.0,278209952.0
2009-11-19,2.21,2.18,2.27,2.08,61438.0,385574880.0
2009-11-20,2.16,2.12,2.23,2.11,43403.0,272492480.0
2009-11-23,2.12,2.22,2.22,2.12,49037.0,308051904.0
2009-11-24,2.23,2.07,2.39,2.05,89797.0,570910784.0
2009-11-25,2.06,2.02,2.12,1.71,102099.0,618568896.0
2009-11-26,2.02,1.68,2.04,1.65,84893.0,504813856.0
2009-11-27,1.62,1.67,1.76,1.56,42274.0,245899280.0
2009-11-30,1.67,1.85,1.89,1.67,43599.0,258901008.0
2009-12-01,1.87,1.9,1.96,1.82,30741.0,185337056.0
2009-12-02,1.96,1.94,1.97,1.86,32612.0,197787376.0
2009-12-03,1.96,1.93,2.09,1.85,50184.0,306946848.0
2009-12-04,1.94,2.02,2.07,1.87,53816.0,329512352.0
2009-12-07,2.03,1.99,2.1,1.96,37739.0,230924960.0
2009-12-08,1.99,1.91,2.03,1.83,45220.0,271785984.0
2009-12-09,1.86,1.94,2.06,1.5,35138.0,213123344.0
2009-12-10,1.95,1.98,2.02,1.89,24016.0,146495600.0
2009-12-11,1.98,2.03,2.03,1.95,21692.0,132827000.0
2009-12-14,2.03,1.89,2.04,1.81,30161.0,181422480.0
2009-12-15,1.92,1.85,1.92,1.84,21471.0,128957080.0
2009-12-16,1.85,1.84,1.91,1.8,22145.0,132878168.0
2009-12-17,1.85,1.65,1.86,1.6,32816.0,191820480.0
2009-12-18,1.64,1.49,1.64,1.49,34480.0,195471728.0
2009-12-21,1.48,1.49,1.54,1.45,22505.0,126890456.0
2009-12-22,1.53,1.75,1.95,1.53,70111.0,413379168.0
2009-12-23,1.7,1.87,1.88,1.68,26607.0,157677472.0
2009-12-24,1.89,2.07,2.13,1.88,54813.0,338668352.0
2009-12-25,2.07,2.2,2.23,2.07,47659.0,300464160.0
2009-12-28,2.2,2.3,2.33,2.2,51804.0,332075072.0
2009-12-30,2.3,2.3,2.35,2.16,62342.0,397688192.0
2009-12-31,2.28,2.33,2.35,2.19,34702.0,222130880.0
2010-01-04,2.38,2.24,2.39,2.21,35798.0,228205696.0
2010-01-05,2.26,2.11,2.28,2.08,40263.0,252993520.0
2010-01-06,2.08,2.69,2.76,2.08,126201.0,852487040.0
2010-01-07,2.73,2.67,2.9,2.59,88333.0,602435456.0
2010-01-08,2.69,2.79,2.87,2.56,61389.0,419508576.0
2010-01-11,2.89,3.04,3.06,2.68,57400.0,400646272.0
2010-01-12,3.01,2.99,3.08,2.81,39654.0,278658592.0
2010-01-13,2.79,2.71,2.9,2.6,54039.0,369610816.0
2010-01-14,2.71,2.75,2.87,2.71,34031.0,233995184.0
2010-01-15,2.75,3.08,3.16,2.67,53463.0,381614176.0
2010-01-18,3.09,3.5,3.59,3.07,75651.0,567922496.0
2010-01-19,3.44,3.41,3.62,3.38,32968.0,249201952.0
2010-01-20,3.37,3.16,3.53,3.07,37307.0,274184800.0
2010-01-21,3.31,3.13,3.4,3.02,32236.0,233795056.0
2010-01-22,3.0,2.59,3.0,2.44,99803.0,674667392.0
2010-01-25,2.45,2.49,2.59,2.41,46134.0,305074496.0
2010-01-26,2.52,2.27,2.59,2.19,52282.0,334967584.0
2010-01-27,2.22,2.36,2.48,2.22,41040.0,264436752.0
2010-01-28,2.33,2.52,2.64,2.33,29108.0,192265392.0
2010-01-29,2.52,2.39,2.68,2.33,39403.0,260681120.0
2010-02-01,2.36,1.92,2.36,1.91,49878.0,307937728.0
2010-02-02,1.92,1.97,2.16,1.92,58023.0,359879200.0
2010-02-03,2.07,2.32,2.33,1.81,42142.0,262002176.0
2010-02-04,2.34,2.21,2.34,2.17,35756.0,227249888.0
2010-02-05,2.07,2.08,2.19,1.97,24318.0,150750528.0
2010-02-08,2.09,2.03,2.12,1.98,15057.0,92789368.0
2010-02-09,1.96,1.99,2.07,1.93,11779.0,72112680.0
2010-02-10,2.07,2.24,2.24,2.07,27078.0,170403216.0
2010-02-11,2.28,2.19,2.28,2.18,22123.0,140647616.0
2010-02-12,2.24,2.24,2.26,2.18,15887.0,100739384.0
2010-02-22,2.33,2.24,2.33,2.15,16103.0,101923832.0
2010-02-23,2.24,2.24,2.27,2.05,18887.0,118731888.0
2010-02-24,2.17,2.46,2.49,2.1,30986.0,202267968.0
2010-02-25,2.49,2.67,2.69,2.44,29913.0,198798864.0
2010-02-26,2.64,2.79,2.9,2.59,36365.0,250315648.0
2010-03-01,2.78,2.85,2.97,2.77,21446.0,149012096.0
2010-03-02,2.8,2.65,2.85,2.56,32922.0,222820992.0
2010-03-03,2.65,2.61,2.65,2.52,32643.0,218052848.0
2010-03-04,2.6,2.5,2.86,2.43,47688.0,325178048.0
2010-03-05,2.54,2.49,2.59,2.44,30920.0,204913408.0
2010-03-08,2.51,2.64,2.72,2.44,34886.0,234157744.0
2010-03-09,2.67,2.55,2.67,2.54,21180.0,141948544.0
2010-03-10,2.56,2.46,2.62,2.41,19443.0,127976408.0
2010-03-11,2.44,2.44,2.5,2.41,18474.0,121240560.0
2010-03-12,2.41,2.19,2.43,2.19,31747.0,203264912.0
2010-03-15,2.17,2.05,2.27,2.0,33356.0,208682864.0
2010-03-16,2.05,2.12,2.13,2.04,12103.0,75286384.0
2010-03-17,2.15,2.27,2.28,2.15,17226.0,109453456.0
2010-03-18,2.29,2.2,2.33,2.18,16027.0,102125456.0
2010-03-19,2.21,2.23,2.26,2.12,16870.0,106653288.0
2010-03-22,2.28,2.34,2.36,2.24,17282.0,111330536.0
2010-03-23,2.34,2.31,2.41,2.27,25866.0,166823648.0
2010-03-24,2.31,2.28,2.34,2.26,25292.0,161986544.0
2010-03-25,2.28,2.13,2.28,2.12,27209.0,171342256.0
2010-03-26,2.12,2.59,2.75,2.1,55576.0,364669856.0
2010-03-29,2.63,2.68,2.78,2.63,44257.0,301112576.0
2010-03-30,2.68,2.87,2.95,2.68,52700.0,366105280.0
2010-03-31,2.87,2.78,2.88,2.72,24831.0,170952032.0
2010-04-01,2.75,3.0,3.07,2.75,41194.0,289465664.0
2010-04-02,3.01,3.23,3.23,2.9,41865.0,302097376.0
2010-04-06,3.24,3.0,3.4,2.99,57800.0,418578432.0
2010-04-07,3.0,3.0,3.14,2.86,36542.0,257756832.0
2010-04-08,2.97,2.72,2.97,2.65,61846.0,424544544.0
2010-04-09,2.75,2.74,2.83,2.67,49318.0,337584480.0
2010-04-12,2.83,2.5,2.89,2.44,81345.0,544790400.0
2010-04-13,2.52,2.73,2.75,2.38,68409.0,456433376.0
2010-04-14,2.72,2.65,2.73,2.59,39423.0,266363840.0
2010-04-15,2.66,2.69,2.78,2.55,47727.0,323788960.0
2010-04-16,2.7,2.59,2.7,2.56,24880.0,167181568.0
2010-04-19,2.55,2.12,2.55,2.08,81968.0,523883712.0
2010-04-20,2.14,2.14,2.22,2.05,46725.0,292094464.0
2010-04-21,2.2,2.28,2.33,2.14,51635.0,328054976.0
2010-04-22,2.29,2.12,2.29,2.1,58512.0,368202368.0
2010-04-23,2.12,2.29,2.29,2.09,65398.0,414234592.0
2010-04-26,2.3,2.53,2.55,2.3,75838.0,500941184.0
2010-04-27,2.41,1.98,2.47,1.84,140561.0,869896896.0
2010-04-28,1.98,1.96,2.16,1.88,76594.0,471406944.0
2010-04-29,2.02,1.88,2.07,1.86,58590.0,355362848.0
2010-04-30,1.87,2.19,2.3,1.8,89860.0,552838336.0
2010-05-04,2.08,2.07,2.32,2.03,74948.0,471835072.0
2010-05-05,1.99,2.15,2.17,1.89,79010.0,483808192.0
2010-05-06,2.09,1.75,2.09,1.68,102595.0,615754560.0
2010-05-07,1.56,1.74,1.81,1.37,113180.0,648067968.0
2010-05-10,1.71,1.84,1.89,1.63,65144.0,385449696.0
2010-05-11,1.99,1.77,2.03,1.65,53248.0,318201952.0
2010-05-12,1.68,1.74,1.81,1.62,43159.0,253399136.0
2010-05-13,1.75,1.83,1.85,1.66,40713.0,240520064.0
2010-05-14,1.83,1.75,1.83,1.73,36080.0,213106672.0
2010-05-17,1.56,1.44,1.7,1.41,57392.0,323648864.0
2010-05-18,1.42,1.48,1.54,1.33,42886.0,239887568.0
2010-05-19,1.39,1.42,1.53,1.39,30046.0,168745840.0
2010-05-20,1.37,1.61,1.77,1.37,102197.0,593551808.0
2010-05-21,1.45,1.8,1.84,1.39,67175.0,394867712.0
2010-05-24,1.85,1.99,2.12,1.83,71106.0,435858176.0
2010-05-25,1.97,1.83,1.98,1.79,48759.0,293397984.0
2010-05-26,1.83,1.79,1.91,1.76,19607.0,116758752.0
2010-05-27,1.79,1.91,1.91,1.74,26952.0,161329328.0
2010-05-28,1.97,1.84,2.01,1.84,28882.0,174764448.0
2010-05-31,1.82,1.63,1.82,1.63,35136.0,205561344.0
2010-06-01,1.56,1.57,1.69,1.51,31514.0,180795824.0
2010-06-02,1.56,1.65,1.66,1.53,22680.0,130421928.0
2010-06-03,1.69,1.6,1.71,1.56,34789.0,201220736.0
2010-06-04,1.57,1.52,1.59,1.43,35689.0,201689552.0
2010-06-07,1.43,1.34,1.46,1.34,49121.0,271830272.0
2010-06-08,1.34,1.36,1.42,1.33,24036.0,132848424.0
2010-06-09,1.41,1.55,1.58,1.34,42280.0,237071520.0
2010-06-10,1.51,1.47,1.52,1.45,31832.0,179259472.0
2010-06-11,1.48,1.52,1.53,1.46,26149.0,147561680.0
2010-06-18,1.45,1.52,1.58,1.41,44443.0,251838672.0
2010-06-21,1.52,1.7,1.74,1.43,48577.0,281772512.0
2010-06-22,1.69,1.73,1.78,1.66,37726.0,221974464.0
2010-06-23,1.67,1.74,1.78,1.63,38155.0,223920400.0
2010-06-24,1.74,1.92,1.98,1.72,61941.0,372673120.0
2010-06-25,1.89,1.92,1.97,1.75,52423.0,313643168.0
2010-06-28,1.86,1.96,2.05,1.86,41063.0,250933072.0
2010-06-29,1.97,1.84,1.98,1.68,43732.0,260510784.0
2010-06-30,1.76,2.02,2.07,1.71,49512.0,299493088.0
2010-07-01,2.04,1.81,2.05,1.8,38023.0,230292432.0
2010-07-02,1.76,1.86,1.93,1.7,37719.0,225476944.0
2010-07-05,1.79,1.78,1.86,1.65,29443.0,173870560.0
2010-07-06,1.82,1.89,1.92,1.72,21434.0,128672008.0
2010-07-07,1.89,1.9,1.95,1.78,21072.0,126673224.0
2010-07-08,1.92,2.15,2.21,1.92,61049.0,380285440.0
2010-07-09,2.11,2.39,2.49,2.11,87764.0,566195776.0
2010-07-12,2.38,2.55,3.06,2.33,122589.0,830387456.0
2010-07-13,2.49,2.59,2.73,2.43,54102.0,361070976.0
2010-07-14,2.6,2.46,2.68,2.44,45387.0,302192448.0
2010-07-15,2.47,2.48,2.7,2.47,44428.0,296443296.0
2010-07-16,2.4,2.5,2.55,2.26,45669.0,296116352.0
2010-07-19,2.44,2.71,2.85,2.37,72975.0,493868576.0
2010-07-20,2.73,2.75,2.83,2.65,56447.0,386745600.0
2010-07-21,2.79,2.7,2.84,2.66,61812.0,423710912.0
2010-07-22,2.69,2.7,2.74,2.58,44690.0,302757792.0
2010-07-23,2.71,2.7,2.78,2.63,34913.0,237623856.0
2010-07-26,2.7,2.82,2.84,2.65,61321.0,421102688.0
2010-07-27,2.8,2.67,2.8,2.66,52294.0,356033632.0
2010-07-28,2.7,2.76,2.81,2.59,79380.0,542137344.0
2010-07-29,2.79,3.01,3.08,2.78,125356.0,884742528.0
2010-07-30,2.98,2.92,3.01,2.87,55663.0,391516736.0
2010-08-02,2.93,2.98,3.2,2.93,75210.0,537568128.0
2010-08-03,3.02,2.82,3.15,2.8,61111.0,429729664.0
2010-08-04,2.8,2.93,2.95,2.7,72374.0,498312960.0
2010-08-05,2.93,2.83,2.93,2.8,40815.0,283814720.0
2010-08-06,2.85,2.88,2.9,2.68,49626.0,339750432.0
2010-08-09,2.83,2.82,2.88,2.74,45571.0,312537920.0
2010-08-10,2.8,2.69,2.88,2.68,44722.0,305665120.0
2010-08-11,2.66,2.71,2.75,2.65,36886.0,249254640.0
2010-08-12,2.64,2.5,2.7,2.45,56333.0,374573696.0
2010-08-13,2.5,2.63,2.65,2.42,46094.0,303911584.0
2010-08-16,2.61,2.94,2.96,2.6,91313.0,630234560.0
2010-08-17,2.95,3.11,3.11,2.95,88852.0,631202816.0
2010-08-18,3.15,3.1,3.21,3.07,80347.0,577130944.0
2010-08-19,3.11,3.29,3.37,3.11,95349.0,698229824.0
2010-08-20,3.26,3.12,3.26,3.03,69093.0,495355424.0
2010-08-23,3.16,3.41,3.42,3.15,101297.0,748766784.0
2010-08-24,3.53,3.19,3.53,3.18,128227.0,940311808.0
2010-08-25,3.19,2.91,3.19,2.87,102775.0,723092672.0
2010-08-26,2.91,2.97,3.06,2.91,60309.0,423451232.0
2010-08-27,2.97,3.38,3.44,2.88,116894.0,848316480.0
2010-08-30,3.47,3.46,3.59,3.39,119324.0,897843456.0
2010-08-31,3.42,3.79,3.89,3.39,130321.0,1008093760.0
2010-09-01,3.86,3.86,3.98,3.68,107678.0,843713920.0
2010-09-02,3.95,3.88,3.98,3.81,85048.0,673029632.0
2010-09-03,3.91,3.76,3.91,3.68,80012.0,623188096.0
2010-09-06,3.79,3.82,3.99,3.76,66135.0,520778656.0
2010-09-07,3.83,3.83,3.85,3.74,48508.0,378271936.0
2010-09-08,3.82,3.92,3.96,3.79,58795.0,464211136.0
2010-09-09,3.94,3.67,3.97,3.65,91778.0,713068608.0
2010-09-10,3.63,3.86,3.9,3.62,82808.0,646482880.0
2010-09-13,3.83,4.0,4.06,3.79,79368.0,634381952.0
2010-09-14,4.0,4.0,4.07,3.92,51744.0,413458912.0
2010-09-15,3.96,3.77,3.99,3.77,53829.0,423190784.0
2010-09-16,3.77,3.55,3.81,3.45,75429.0,574673088.0
2010-09-17,3.56,3.54,3.6,3.46,38998.0,294785600.0
2010-09-20,3.54,3.48,3.63,3.43,34473.0,260043120.0
2010-09-21,3.5,3.54,3.63,3.46,31264.0,236762912.0
2010-09-27,3.6,3.77,3.81,3.58,40637.0,314154240.0
2010-09-28,3.74,3.6,3.78,3.58,36265.0,278853696.0
2010-09-29,3.58,3.47,3.61,3.47,42694.0,322412064.0
2010-09-30,3.47,3.55,3.6,3.43,44819.0,338507424.0
2010-10-08,3.64,3.82,3.92,3.64,67834.0,530125376.0
2010-10-11,3.82,3.99,4.14,3.82,90615.0,723093184.0
2010-10-12,3.99,4.07,4.18,3.93,75780.0,610174336.0
2010-10-13,4.07,4.31,4.38,4.03,110522.0,905016128.0
2010-10-14,4.29,4.06,4.37,4.05,108262.0,889625088.0
2010-10-15,4.05,4.41,4.45,3.97,126977.0,1047287040.0
2010-10-18,4.49,4.62,4.85,4.32,126850.0,1093950592.0
2010-10-19,4.72,4.93,4.93,4.58,75172.0,658383808.0
2010-10-20,4.85,5.82,5.85,4.76,164664.0,1525638528.0
2010-10-21,5.92,6.03,6.17,5.77,122096.0,1209814016.0
2010-10-22,6.03,6.81,6.97,5.86,149613.0,1558381568.0
2010-10-25,6.9,6.8,7.07,6.48,149511.0,1587575424.0
2010-10-27,6.81,6.91,7.64,6.6,208089.0,2310052352.0
2010-10-28,6.93,7.84,8.04,6.93,193696.0,2222864896.0
2010-10-29,7.85,7.64,7.94,7.34,183677.0,2097512704.0
2010-11-01,7.69,7.89,8.0,7.49,125632.0,1454741632.0
2010-11-02,7.86,7.98,8.38,7.8,140898.0,1685364352.0
2010-11-03,7.95,7.4,8.38,7.37,165900.0,1938581632.0
2010-11-04,7.43,7.64,7.7,7.13,132787.0,1503809280.0
2010-11-05,7.79,8.53,8.68,7.59,162498.0,1937545600.0
2010-11-08,8.68,8.8,8.97,8.4,129002.0,1609853312.0
2010-11-09,8.72,9.11,9.41,8.59,133007.0,1707571328.0
2010-11-10,9.1,9.17,9.72,9.03,156225.0,2057699840.0
2010-11-11,9.26,8.89,9.36,8.88,130534.0,1688288000.0
2010-11-12,8.72,7.64,9.15,7.63,237502.0,2867690240.0
2010-11-15,7.85,7.97,7.97,7.43,171397.0,1990857856.0
2010-11-16,7.95,7.32,8.02,7.26,158183.0,1823926144.0
2010-11-17,6.91,6.59,7.12,6.31,186593.0,1980136960.0
2010-11-18,6.75,6.8,6.86,6.55,106986.0,1136033408.0
2010-11-19,6.86,6.87,6.88,6.19,161375.0,1691517184.0
2010-11-22,6.7,7.22,7.48,6.62,169368.0,1866173952.0
2010-11-23,7.12,7.58,7.64,6.71,151499.0,1681703424.0
2010-11-24,7.45,8.38,8.63,7.45,180952.0,2135506816.0
2010-11-25,8.47,8.16,8.59,8.14,131422.0,1604730368.0
2010-11-26,8.08,8.16,8.35,7.91,102584.0,1230557312.0
2010-11-29,8.47,9.34,9.41,8.21,221848.0,2798211840.0
2010-11-30,9.31,9.31,9.53,8.46,260363.0,3353003776.0
2010-12-01,9.18,8.39,9.36,8.37,162994.0,2054112256.0
2010-12-02,8.68,8.92,9.38,8.38,196461.0,2500807680.0
2010-12-03,8.86,8.19,8.89,8.13,176998.0,2160989696.0
2010-12-06,8.07,7.4,8.24,7.2,308907.0,1773236096.0
2010-12-07,7.2,7.84,8.22,6.85,334372.0,1913221504.0
2010-12-08,7.66,7.92,8.43,7.64,287228.0,1713616640.0
2010-12-09,7.75,7.22,7.87,7.2,278916.0,1584696448.0
2010-12-10,7.02,7.32,7.48,6.91,193240.0,1075744768.0
2010-12-13,7.43,7.55,7.68,7.29,222752.0,1269927296.0
2010-12-14,7.62,7.61,7.72,7.39,212131.0,1208134912.0
2010-12-15,7.59,7.3,7.6,7.3,188459.0,1066771136.0
2010-12-16,7.29,7.43,7.64,7.22,159132.0,902117568.0
2010-12-17,7.39,7.26,7.48,7.2,155904.0,868719744.0
2010-12-20,7.28,6.9,7.35,6.7,257892.0,1400358784.0
2010-12-21,6.92,7.1,7.29,6.73,193313.0,1048736448.0
2010-12-22,7.08,7.09,7.28,6.91,166420.0,915882304.0
2010-12-23,7.08,7.38,7.62,7.0,314366.0,1775222272.0
2010-12-24,7.33,7.35,7.5,7.1,166160.0,929354816.0
2010-12-27,7.39,7.06,7.61,7.0,208717.0,1172013568.0
2010-12-28,6.91,6.41,6.97,6.39,229032.0,1205318272.0
2010-12-29,6.42,6.5,6.61,6.39,97312.0,504992320.0
2010-12-30,6.52,6.4,6.59,6.29,113735.0,587613824.0
2010-12-31,6.53,6.57,6.61,6.4,138810.0,722986944.0
2011-01-04,6.62,6.81,6.91,6.48,186216.0,985669184.0
2011-01-05,6.8,6.61,6.8,6.6,133545.0,704646144.0
2011-01-06,6.57,6.26,6.6,6.24,210415.0,1078116224.0
2011-01-07,6.25,6.26,6.39,6.22,115894.0,591660992.0
2011-01-10,6.31,5.96,6.31,5.94,137085.0,688931584.0
2011-01-11,5.93,5.62,5.93,5.54,172185.0,826351488.0
2011-01-12,5.64,5.82,5.93,5.64,123477.0,599813760.0
2011-01-13,5.87,5.77,5.92,5.75,66163.0,322071040.0
2011-01-14,5.72,5.95,6.0,5.54,124943.0,604271488.0
2011-01-17,5.84,5.63,5.91,5.59,110910.0,535955712.0
2011-01-18,5.56,5.68,5.76,5.54,74705.0,359590816.0
2011-01-19,5.68,5.97,6.02,5.63,134532.0,662317504.0
2011-01-20,6.03,5.78,6.22,5.75,156326.0,776673280.0
2011-01-21,5.68,5.94,6.14,5.57,138587.0,680414080.0
2011-01-24,5.94,5.45,5.97,5.44,143749.0,687577920.0
2011-01-25,5.45,5.32,5.5,5.25,74537.0,346612448.0
2011-01-26,5.36,5.47,5.54,5.35,57298.0,269544416.0
2011-01-27,5.47,5.87,5.92,5.37,122976.0,593727040.0
2011-01-28,5.85,6.26,6.28,5.79,191342.0,956346112.0
2011-01-31,6.2,6.31,6.39,6.1,150096.0,764294400.0
2011-02-01,6.33,6.21,6.33,6.12,90258.0,457170432.0
2011-02-09,6.12,5.87,6.19,5.83,95818.0,476519680.0
2011-02-10,5.81,6.26,6.26,5.68,127437.0,635128000.0
2011-02-11,6.24,7.1,7.31,6.23,360178.0,1949047296.0
2011-02-14,7.12,7.97,8.09,7.11,475402.0,2739507968.0
2011-02-15,8.09,7.85,8.2,7.79,358637.0,2121434368.0
2011-02-16,7.84,8.44,8.54,7.79,351702.0,2133137792.0
2011-02-17,8.54,8.21,8.57,8.05,269082.0,1621288448.0
2011-02-18,8.16,7.72,8.16,7.66,272016.0,1590906368.0
2011-02-21,7.67,8.03,8.16,7.66,207023.0,1224843904.0
2011-02-22,8.02,7.52,8.06,7.47,274640.0,1582878336.0
2011-02-23,7.5,7.46,7.63,7.29,195970.0,1104269056.0
2011-02-24,7.46,7.49,7.62,7.25,164775.0,934028352.0
2011-02-25,7.5,7.55,7.64,7.27,129317.0,732239552.0
2011-02-28,7.56,8.22,8.33,7.34,305048.0,1797970560.0
2011-03-01,8.24,8.03,8.37,7.89,213333.0,1272398336.0
2011-03-02,7.87,8.16,8.28,7.62,261110.0,1528586880.0
2011-03-03,8.12,8.04,8.47,7.98,285289.0,1722443008.0
2011-03-04,8.03,8.16,8.41,7.94,198625.0,1193285376.0
2011-03-07,8.2,8.4,8.54,8.2,280944.0,1719293568.0
2011-03-08,8.4,8.34,8.47,8.18,169330.0,1027561216.0
2011-03-09,8.36,8.15,8.45,8.02,248670.0,1499706496.0
2011-03-10,8.16,7.77,8.17,7.75,238190.0,1395403776.0
2011-03-11,7.64,7.68,7.93,7.64,181969.0,1055798720.0
2011-03-14,7.56,7.7,7.81,7.56,130005.0,751022784.0
2011-03-15,7.66,7.49,7.73,6.95,236975.0,1324835328.0
2011-03-16,7.4,7.45,7.54,7.31,160989.0,908879296.0
2011-03-17,7.33,7.35,7.7,7.13,177281.0,1005020160.0
2011-03-18,7.43,7.59,7.66,7.35,144140.0,819119680.0
2011-03-21,7.53,7.5,7.75,7.46,157342.0,899515072.0
2011-03-22,7.54,7.6,7.68,7.37,141747.0,809530112.0
2011-03-23,7.65,7.78,7.82,7.53,154178.0,891442304.0
2011-03-24,7.78,7.57,7.85,7.57,131476.0,757922880.0
2011-03-25,7.57,7.59,7.81,7.54,139454.0,801624512.0
2011-03-28,7.6,7.56,7.75,7.53,126946.0,729233792.0
2011-03-29,7.51,7.21,7.53,7.19,152082.0,852739968.0
2011-03-30,7.22,7.17,7.36,7.1,115473.0,640392256.0
2011-03-31,7.12,6.74,7.16,6.72,208302.0,1122295680.0
2011-04-01,6.71,6.9,6.91,6.71,82792.0,444374688.0
2011-04-06,6.9,6.89,7.14,6.89,107214.0,582370816.0
2011-04-07,6.9,6.93,6.97,6.69,110648.0,593317824.0
2011-04-08,6.97,7.09,7.14,6.77,101067.0,551687936.0
2011-04-11,7.1,7.45,7.56,7.1,234587.0,1316161792.0
2011-04-12,7.43,7.27,7.56,7.18,127368.0,716769152.0
2011-04-13,7.17,7.31,7.33,7.01,88946.0,490842304.0
2011-04-14,7.31,7.21,7.43,7.16,81363.0,453652416.0
2011-04-15,7.2,7.27,7.44,7.12,88728.0,493734432.0
2011-04-18,7.22,7.42,7.52,7.18,152673.0,861624768.0
2011-04-19,7.36,7.12,7.36,7.1,114423.0,632922368.0
2011-04-20,7.16,7.07,7.22,7.06,75115.0,413128736.0
2011-04-21,7.12,7.07,7.17,7.02,70612.0,386784320.0
2011-04-22,7.07,6.8,7.08,6.78,156651.0,840749056.0
2011-04-25,6.78,6.6,6.8,6.54,107210.0,564776896.0
2011-04-26,6.6,6.63,6.7,6.46,81540.0,426644512.0
2011-04-27,6.7,6.32,6.73,6.25,91116.0,471664800.0
2011-04-28,6.33,6.18,6.39,6.08,83743.0,422975072.0
2011-04-29,6.18,6.29,6.32,6.14,50763.0,257855584.0
2011-05-03,6.29,6.32,6.4,6.26,47112.0,240855872.0
2011-05-04,6.32,6.02,6.32,5.87,98657.0,491303136.0
2011-05-05,5.97,5.79,5.97,5.77,66642.0,325870656.0
2011-05-06,5.72,5.63,5.72,5.52,78498.0,374734432.0
2011-05-09,5.63,5.96,6.08,5.63,82334.0,407041760.0
2011-05-10,5.96,5.99,6.04,5.9,43202.0,213592592.0
2011-05-11,5.97,5.82,5.97,5.8,48781.0,239080544.0
2011-05-12,5.77,5.66,5.83,5.66,54295.0,262155424.0
2011-05-13,5.66,5.72,5.76,5.57,41531.0,199292448.0
2011-05-16,5.72,5.56,5.74,5.56,41968.0,200901840.0
2011-05-17,5.56,5.83,5.97,5.54,93191.0,454537408.0
2011-05-19,5.88,5.75,5.94,5.73,44450.0,216680048.0
2011-05-20,5.74,5.65,5.74,5.6,33190.0,159143024.0
2011-05-23,5.65,5.41,5.66,5.34,67085.0,315685824.0
2011-05-24,5.37,5.47,5.56,5.27,50028.0,233763232.0
2011-05-25,5.47,5.39,5.54,5.37,37559.0,176588912.0
2011-05-26,5.46,5.38,5.55,5.37,39740.0,186292576.0
2011-05-27,5.41,5.43,5.47,5.35,38170.0,178844736.0
2011-05-30,5.44,5.3,5.45,5.28,48294.0,224879424.0
2011-05-31,5.28,5.47,5.56,4.93,95881.0,441067712.0
2011-06-01,5.37,5.38,5.44,5.33,46745.0,217993264.0
2011-06-02,5.26,5.1,5.26,5.04,55486.0,252332928.0
2011-06-03,5.1,5.17,5.31,5.1,62493.0,285635552.0
2011-06-07,5.16,5.2,5.24,5.1,54426.0,248801552.0
2011-06-08,5.2,5.14,5.2,4.98,59582.0,269494720.0
2011-06-09,5.14,4.99,5.14,4.98,51533.0,231843680.0
2011-06-10,4.96,5.07,5.14,4.93,59651.0,267802416.0
2011-06-13,5.01,4.96,5.01,4.92,44255.0,197281936.0
2011-06-14,4.96,5.14,5.22,4.95,68064.0,308495744.0
2011-06-15,5.12,5.0,5.13,4.99,47292.0,213411936.0
2011-06-16,4.94,4.83,4.94,4.83,57324.0,253156288.0
2011-06-17,4.81,4.62,4.87,4.62,56168.0,245751440.0
2011-06-20,4.62,4.35,4.66,4.29,69079.0,289822880.0
2011-06-21,4.36,4.43,4.48,4.36,53715.0,225744480.0
2011-06-22,4.43,4.46,4.48,4.37,65390.0,275233664.0
2011-06-23,4.46,4.86,4.92,4.36,104786.0,453755680.0
2011-06-24,4.82,5.14,5.28,4.79,180518.0,818823744.0
2011-06-27,5.19,5.15,5.29,5.12,109374.0,500223040.0
2011-06-28,5.17,5.05,5.18,4.93,91040.0,408195360.0
2011-06-29,4.99,4.93,5.12,4.93,59128.0,264989184.0
2011-06-30,4.93,5.13,5.25,4.93,106210.0,483494048.0
2011-07-01,5.19,5.1,5.21,5.07,88053.0,400190112.0
2011-07-04,5.18,5.46,5.53,5.16,151207.0,709128000.0
2011-07-05,5.51,5.59,5.72,5.51,124763.0,595809536.0
2011-07-06,5.59,5.48,5.59,5.37,68981.0,324294368.0
2011-07-07,5.48,5.48,5.72,5.47,103079.0,490304896.0
2011-07-08,5.44,5.38,5.46,5.34,66908.0,309306208.0
2011-07-11,5.36,5.42,5.54,5.21,72299.0,333298304.0
2011-07-12,5.3,5.22,5.33,5.22,61433.0,280235360.0
2011-07-13,5.22,5.35,5.41,5.22,49367.0,226987200.0
2011-07-14,5.44,5.29,5.45,5.27,61465.0,282546176.0
2011-07-15,5.28,5.29,5.37,5.23,62868.0,288003424.0
2011-07-18,5.3,5.18,5.38,5.15,89165.0,406208736.0
2011-07-19,5.13,4.89,5.15,4.89,102314.0,452699648.0
2011-07-20,4.96,4.99,5.02,4.88,56990.0,251797104.0
2011-07-21,4.99,4.92,5.02,4.92,46363.0,204814000.0
2011-07-22,4.92,5.05,5.12,4.92,55633.0,248611024.0
2011-07-25,4.98,4.62,4.98,4.61,84082.0,364105536.0
2011-07-26,4.63,4.69,4.71,4.61,33776.0,144434704.0
2011-07-27,4.71,4.76,4.79,4.61,45895.0,197911984.0
2011-07-28,4.63,4.77,4.81,4.61,50371.0,215494448.0
2011-07-29,4.77,4.73,4.83,4.64,35937.0,154795696.0
2011-08-01,4.73,4.75,4.76,4.65,31994.0,137713120.0
2011-08-02,4.69,4.89,4.9,4.57,74573.0,322195136.0
2011-08-03,4.81,4.84,5.02,4.75,61318.0,268986784.0
2011-08-04,4.89,4.77,4.91,4.77,35544.0,154829152.0
2011-08-05,4.55,4.52,4.62,4.46,65230.0,275275936.0
2011-08-08,4.44,4.26,4.44,3.88,132088.0,531488928.0
2011-08-09,3.93,4.11,4.22,3.92,81246.0,323734816.0
2011-08-10,4.34,4.14,4.38,4.12,72628.0,296319168.0
2011-08-11,4.03,4.12,4.15,3.98,66861.0,267566384.0
2011-08-12,4.19,4.25,4.29,4.14,83385.0,338878144.0
2011-08-15,4.29,4.54,4.54,4.22,109741.0,456246112.0
2011-08-16,4.54,4.37,4.56,4.34,66665.0,278023360.0
2011-08-17,4.36,4.37,4.49,4.34,40004.0,166424304.0
2011-08-18,4.39,4.16,4.39,4.15,55743.0,227682000.0
2011-08-19,4.0,4.03,4.15,3.96,67414.0,267632080.0
2011-08-22,4.03,4.04,4.1,3.95,37365.0,148596656.0
2011-08-23,4.08,4.21,4.22,4.0,39401.0,158296416.0
2011-08-24,4.26,4.19,4.29,4.12,37625.0,152995888.0
2011-08-25,4.2,4.37,4.46,4.12,89176.0,367409088.0
2011-08-26,4.36,4.38,4.44,4.3,48150.0,199179824.0
2011-08-29,4.34,4.22,4.34,4.19,50795.0,207131040.0
2011-08-30,4.24,4.29,4.54,4.24,104307.0,433023488.0
2011-08-31,4.34,4.46,4.54,4.34,90567.0,378633568.0
2011-09-01,4.51,4.41,4.54,4.34,45553.0,189857904.0
2011-09-02,4.34,4.35,4.41,4.24,44248.0,181763552.0
2011-09-05,4.27,4.12,4.27,4.08,41136.0,165600288.0
2011-09-06,4.06,4.04,4.14,4.0,34018.0,135722720.0
2011-09-07,4.04,4.21,4.25,4.04,39563.0,159658656.0
2011-09-08,4.23,4.09,4.26,4.09,32233.0,129984024.0
2011-09-09,4.19,4.14,4.23,4.09,31730.0,127602456.0
2011-09-13,4.02,3.94,4.02,3.9,33841.0,133053104.0
2011-09-14,4.04,4.02,4.06,3.88,35675.0,140795776.0
2011-09-15,4.04,4.02,4.12,4.0,37812.0,150762592.0
2011-09-16,4.07,4.01,4.12,4.01,23865.0,95119344.0
2011-09-19,3.99,3.92,4.02,3.88,33905.0,132942248.0
2011-09-20,3.9,3.92,3.98,3.88,28557.0,111970048.0
2011-09-21,3.93,4.14,4.17,3.9,69951.0,279795008.0
2011-09-22,4.06,3.9,4.09,3.89,47174.0,186458720.0
2011-09-23,3.75,3.75,3.88,3.67,45954.0,176189232.0
2011-09-26,3.71,3.58,3.83,3.57,46408.0,176384112.0
2011-09-27,3.63,3.66,3.71,3.58,44368.0,168559008.0
2011-09-28,3.77,3.62,3.79,3.59,41960.0,160331968.0
2011-09-29,3.59,3.61,3.68,3.46,47405.0,178371248.0
2011-09-30,3.69,3.51,3.69,3.49,35613.0,133452136.0
2011-10-10,3.56,3.45,3.64,3.42,26798.0,99680144.0
2011-10-11,3.59,3.43,3.69,3.39,37166.0,138781120.0
2011-10-12,3.42,3.66,3.69,3.4,65646.0,246510976.0
2011-10-13,3.65,3.7,3.74,3.62,60408.0,229991840.0
2011-10-14,3.7,3.61,3.7,3.54,34667.0,130629944.0
2011-10-17,3.62,3.6,3.71,3.58,26473.0,100166832.0
2011-10-18,3.54,3.29,3.55,3.29,49497.0,181866288.0
2011-10-19,3.31,3.08,3.4,3.01,75101.0,265979472.0
2011-10-20,3.08,2.96,3.08,2.73,61900.0,211057344.0
2011-10-21,2.95,2.82,2.96,2.78,31185.0,106288208.0
2011-10-24,2.83,2.94,2.99,2.78,45818.0,157023536.0
2011-10-25,2.95,3.06,3.11,2.83,64557.0,224627328.0
2011-10-26,3.04,3.13,3.26,3.0,79668.0,282765632.0
2011-10-27,3.15,3.2,3.24,3.07,60785.0,216800416.0
2011-10-28,3.27,3.47,3.49,3.27,104827.0,384387360.0
2011-10-31,3.46,3.32,3.46,3.25,90054.0,328179008.0
2011-11-01,3.25,3.54,3.6,3.23,114711.0,425958048.0
2011-11-02,3.44,3.66,3.69,3.4,101457.0,379455168.0
2011-11-03,3.69,3.75,3.87,3.69,115872.0,447987360.0
2011-11-04,3.76,3.72,3.86,3.67,66979.0,257689312.0
2011-11-07,3.69,3.62,3.78,3.59,57582.0,218340352.0
2011-11-08,3.6,3.59,3.76,3.54,64041.0,242212256.0
2011-11-09,3.6,3.85,3.86,3.59,103049.0,393876736.0
2011-11-10,3.77,3.77,3.92,3.73,89003.0,345408672.0
2011-11-11,3.78,3.77,3.84,3.68,46445.0,178493728.0
2011-11-14,3.83,3.94,3.98,3.83,61624.0,241710880.0
2011-11-15,4.0,3.94,4.01,3.91,53414.0,210289872.0
2011-11-16,3.94,3.61,3.95,3.59,72847.0,279600128.0
2011-11-17,3.64,3.57,3.71,3.56,53081.0,200290048.0
2011-11-18,3.56,3.19,3.56,3.18,85986.0,312396320.0
2011-11-21,3.21,3.17,3.25,3.13,47189.0,168316608.0
2011-11-22,3.12,3.1,3.25,3.08,62789.0,222656640.0
2011-11-23,3.13,3.09,3.19,3.02,35102.0,123866352.0
2011-11-24,3.09,3.14,3.2,2.98,37037.0,130187712.0
2011-11-25,3.1,3.01,3.15,3.0,27369.0,95940104.0
2011-11-28,3.01,3.01,3.08,2.95,26279.0,91481800.0
2011-11-29,3.1,3.19,3.2,3.08,45648.0,162210448.0
2011-11-30,3.18,2.9,3.21,2.83,51873.0,180488048.0
2011-12-01,3.15,3.2,3.31,3.05,101650.0,363567872.0
2011-12-02,3.12,3.11,3.17,3.06,32992.0,116402984.0
2011-12-05,3.12,2.95,3.15,2.94,30362.0,105776384.0
2011-12-06,2.94,2.83,2.99,2.79,38081.0,129939440.0
2011-12-07,2.87,2.81,2.87,2.7,41006.0,138506384.0
2011-12-08,2.81,2.75,2.86,2.74,36192.0,122274880.0
2011-12-09,2.73,2.75,2.8,2.71,34435.0,115745104.0
2011-12-12,2.72,2.57,2.73,2.56,40942.0,135005600.0
2011-12-13,2.55,2.29,2.55,2.17,72167.0,226251184.0
2011-12-14,2.28,2.16,2.28,2.0,47197.0,144922272.0
2011-12-15,2.07,2.06,2.1,1.96,51681.0,155406880.0
2011-12-16,2.06,2.16,2.2,1.94,55143.0,166624368.0
2011-12-19,2.14,2.18,2.19,1.94,49493.0,149509008.0
2011-12-20,2.18,2.17,2.28,2.13,46885.0,145358784.0
2011-12-21,2.27,2.04,2.28,2.04,36292.0,111774848.0
2011-12-22,2.0,2.05,2.09,1.92,51832.0,155884672.0
2011-12-23,2.07,2.25,2.28,2.02,97822.0,302539200.0
2011-12-26,2.24,2.14,2.25,2.11,28481.0,87879376.0
2011-12-27,2.14,2.21,2.24,2.11,53506.0,164966608.0
2011-12-28,2.12,2.19,2.21,2.01,35192.0,107799384.0
2011-12-29,2.12,2.19,2.24,2.11,48041.0,148378144.0
2011-12-30,2.2,2.31,2.32,2.2,49479.0,154955056.0
2012-01-04,2.36,2.11,2.39,2.1,46077.0,144110928.0
2012-01-05,2.1,2.08,2.1,1.99,32945.0,99370000.0
2012-01-06,2.01,2.2,2.2,1.98,28129.0,85353744.0
2012-01-09,2.21,2.38,2.39,2.11,63904.0,200803312.0
2012-01-10,2.39,2.67,2.74,2.36,91143.0,297414528.0
2012-01-11,2.75,2.7,2.88,2.63,98941.0,333220960.0
2012-01-12,2.69,2.6,2.74,2.59,47219.0,156415552.0
2012-01-13,2.61,2.44,2.66,2.39,47308.0,153313680.0
2012-01-16,2.35,2.44,2.56,2.3,49266.0,158215584.0
2012-01-17,2.4,2.73,2.84,2.39,98902.0,325750144.0
2012-01-18,2.73,2.67,2.82,2.63,96334.0,322738592.0
2012-01-19,2.67,2.8,2.84,2.62,82704.0,278510720.0
2012-01-20,2.8,3.11,3.19,2.8,133911.0,468543264.0
2012-01-30,3.17,2.9,3.19,2.9,78469.0,273470624.0
2012-01-31,2.91,2.81,2.96,2.74,43522.0,147697920.0
2012-02-01,2.78,2.74,2.91,2.73,34130.0,115557376.0
2012-02-02,2.77,2.89,2.9,2.74,42905.0,145600128.0
2012-02-03,2.89,2.91,2.98,2.79,51247.0,175350752.0
2012-02-06,2.91,2.73,2.94,2.67,99313.0,335047552.0
2012-02-07,2.69,2.65,2.72,2.54,60092.0,198295392.0
2012-02-08,2.64,2.81,2.84,2.61,62984.0,211471792.0
2012-02-09,2.8,2.79,2.87,2.75,57469.0,194977616.0
2012-02-10,2.77,2.81,2.9,2.76,62746.0,213453072.0
2012-02-13,2.75,2.75,2.81,2.63,61520.0,206000016.0
2012-02-14,2.73,2.67,2.75,2.63,57989.0,192370400.0
2012-02-15,2.64,2.87,2.89,2.64,95286.0,322405888.0
2012-02-16,2.88,2.96,3.13,2.88,137489.0,478724032.0
2012-02-17,3.02,2.96,3.06,2.89,62234.0,215844960.0
2012-02-20,3.06,2.88,3.11,2.88,63747.0,221991488.0
2012-02-21,2.91,2.93,2.94,2.81,44455.0,152169280.0
2012-02-22,2.93,3.0,3.04,2.93,63343.0,219707344.0
2012-02-23,3.03,3.0,3.07,2.97,74241.0,259320480.0
2012-02-24,3.01,3.17,3.18,2.96,137091.0,481569088.0
2012-02-27,3.18,3.26,3.39,3.18,146289.0,531609216.0
2012-02-28,3.25,3.21,3.26,3.14,82365.0,294481952.0
2012-02-29,3.17,3.03,3.19,3.01,82216.0,289694112.0
2012-03-01,2.95,2.99,3.07,2.95,58007.0,202265072.0
2012-03-02,3.0,3.14,3.15,2.98,102261.0,358681184.0
2012-03-05,3.15,3.14,3.29,3.13,109830.0,393177024.0
2012-03-06,3.08,2.99,3.1,2.97,72751.0,253610256.0
2012-03-07,2.93,2.86,2.94,2.81,114394.0,391000480.0
2012-03-08,2.88,2.92,3.02,2.88,60970.0,210466064.0
2012-03-09,2.96,3.01,3.01,2.89,79321.0,274667648.0
2012-03-12,3.02,2.97,3.1,2.94,78645.0,274474336.0
2012-03-13,2.97,3.15,3.15,2.93,101333.0,355095616.0
2012-03-14,3.21,2.93,3.27,2.92,169122.0,596898112.0
2012-03-15,2.92,2.79,2.97,2.74,102817.0,349441056.0
2012-03-16,2.79,2.83,2.87,2.62,89289.0,300469568.0
2012-03-19,2.83,2.77,2.84,2.72,81521.0,274365920.0
2012-03-20,2.77,2.63,2.77,2.61,82618.0,274154272.0
2012-03-21,2.64,2.66,2.71,2.58,55734.0,184481320.0
2012-03-22,2.66,2.64,2.68,2.6,31345.0,103535615.0
2012-03-23,2.63,2.48,2.63,2.46,56777.0,184838547.0
2012-03-26,2.48,2.47,2.52,2.45,27375.0,88380969.0
2012-03-27,2.51,2.45,2.54,2.43,48048.0,154939577.0
2012-03-28,2.44,2.2,2.44,2.2,64547.0,202374716.0
2012-03-29,2.16,2.03,2.16,1.92,80106.0,240381125.0
2012-03-30,2.03,2.04,2.09,2.0,47632.0,143743371.0
2012-04-05,2.08,2.22,2.27,2.02,77170.0,238040999.0
2012-04-06,2.21,2.19,2.25,2.15,38620.0,119577295.0
2012-04-09,2.19,2.17,2.3,2.08,44631.0,138237070.0
2012-04-10,2.13,2.18,2.2,2.02,45640.0,138981475.0
2012-04-11,2.12,2.21,2.25,2.03,48656.0,150188118.0
2012-04-12,2.24,2.35,2.35,2.17,71390.0,223351019.0
2012-04-13,2.36,2.41,2.48,2.33,95600.0,305688224.0
2012-04-16,2.39,2.35,2.4,2.31,37404.0,118528795.0
2012-04-17,2.34,2.27,2.39,2.27,44175.0,138998545.0
2012-04-18,2.31,2.42,2.44,2.29,50687.0,161315790.0
2012-04-19,2.4,2.41,2.48,2.39,44348.0,142274240.0
2012-04-20,2.4,2.61,2.63,2.4,94470.0,308345008.0
2012-04-23,2.59,2.84,2.84,2.57,143764.0,483099232.0
2012-04-24,2.73,2.66,2.84,2.56,109495.0,364671456.0
2012-04-25,2.71,2.74,2.77,2.64,74452.0,248119338.0
2012-04-26,2.75,2.75,2.86,2.71,66363.0,223998760.0
2012-04-27,2.71,2.65,2.78,2.55,61832.0,204717165.0
2012-05-02,2.75,2.84,2.89,2.72,90700.0,307326320.0
2012-05-03,2.84,2.88,2.89,2.77,60946.0,207221082.0
2012-05-04,2.87,2.87,2.91,2.79,52112.0,177636074.0
2012-05-07,2.83,3.0,3.04,2.82,107179.0,369674704.0
2012-05-08,2.99,2.94,2.99,2.81,75835.0,260389520.0
2012-05-09,2.84,2.69,2.87,2.67,68651.0,231062937.0
2012-05-10,2.68,2.63,2.72,2.62,39130.0,130166370.0
2012-05-11,2.59,2.61,2.65,2.52,77977.0,254874202.0
2012-05-14,2.64,2.44,2.66,2.42,56352.0,183902188.0
2012-05-15,2.42,2.37,2.42,2.32,55041.0,174418946.0
2012-05-16,2.37,2.36,2.44,2.28,50785.0,161049058.0
2012-05-17,2.36,2.4,2.42,2.32,32714.0,104175244.0
2012-05-18,2.36,2.28,2.41,2.28,36124.0,113968289.0
2012-05-21,2.28,2.29,2.38,2.27,32127.0,101218522.0
2012-05-22,2.36,2.46,2.48,2.35,43426.0,139344688.0
2012-05-23,2.46,2.48,2.55,2.44,40037.0,129736151.0
2012-05-24,2.48,2.59,2.73,2.48,98368.0,325426096.0
2012-05-25,2.6,2.59,2.66,2.49,36280.0,118545836.0
2012-05-28,2.56,2.82,2.9,2.5,106784.0,358435376.0
2012-05-29,2.83,2.91,3.03,2.83,124287.0,428912832.0
2012-05-30,2.88,2.79,2.93,2.76,58858.0,200120107.0
2012-05-31,2.75,2.7,2.79,2.67,48633.0,162663703.0
2012-06-01,2.68,2.71,2.77,2.65,44198.0,147623965.0
2012-06-04,2.59,2.5,2.67,2.38,69267.0,224198501.0
2012-06-05,2.48,2.38,2.5,2.38,49294.0,158125452.0
2012-06-06,2.42,2.43,2.44,2.37,30683.0,98022653.0
2012-06-07,2.45,2.39,2.53,2.37,27460.0,88272018.0
2012-06-08,2.44,2.39,2.48,2.38,23917.0,76659323.0
2012-06-11,2.42,2.45,2.49,2.4,33786.0,108665940.0
2012-06-12,2.42,2.37,2.42,2.33,52938.0,168022437.0
2012-06-13,2.37,2.44,2.44,2.35,44782.0,142918224.0
2012-06-14,2.43,2.39,2.45,2.37,35431.0,113294587.0
2012-06-15,2.39,2.37,2.42,2.29,34716.0,109985562.0
2012-06-18,2.38,2.41,2.43,2.37,31220.0,99547989.0
2012-06-19,2.39,2.34,2.41,2.32,22878.0,72491611.0
2012-06-20,2.38,2.35,2.39,2.34,21355.0,67759457.0
2012-06-21,2.35,2.21,2.35,2.19,32734.0,102137805.0
2012-06-25,2.21,2.02,2.21,2.0,32304.0,98502479.0
2012-06-26,2.01,2.03,2.09,2.0,31332.0,94445820.0
2012-06-27,2.04,2.0,2.06,1.98,30204.0,91012544.0
2012-06-28,2.01,1.94,2.04,1.92,33921.0,101288225.0
2012-07-02,2.03,1.94,2.06,1.91,46033.0,137415749.0
2012-07-03,1.96,1.77,2.0,1.75,95502.0,279285616.0
2012-07-04,1.76,1.65,1.81,1.62,61083.0,174809614.0
2012-07-05,1.64,1.48,1.66,1.46,52035.0,143804742.0
2012-07-06,1.48,1.6,1.6,1.48,57739.0,160334819.0
2012-07-09,1.6,1.39,1.6,1.35,63255.0,173073627.0
2012-07-10,1.39,1.36,1.42,1.3,36223.0,97567577.0
2012-07-11,1.36,1.42,1.44,1.36,35772.0,97175693.0
2012-07-12,1.43,1.51,1.54,1.31,48209.0,131201086.0
2012-07-13,1.48,1.46,1.54,1.45,32540.0,89819313.0
2012-07-16,1.46,1.24,1.46,1.22,37240.0,99384593.0
2012-07-17,1.26,1.29,1.32,1.23,19298.0,51235045.0
2012-07-18,1.29,1.27,1.31,1.08,38628.0,100811970.0
2012-07-19,1.25,1.32,1.39,1.21,39152.0,104981313.0
2012-07-20,1.31,1.11,1.31,1.11,49102.0,128247491.0
2012-07-23,1.08,0.69,1.08,0.65,100797.0,241913463.0
2012-07-24,0.56,0.66,0.75,0.55,72457.0,170028326.0
2012-07-25,0.65,0.61,0.71,0.59,30993.0,72487103.0
2012-07-26,0.63,0.51,0.64,0.5,79501.0,182914052.0
2012-07-27,0.52,0.54,0.57,0.49,42147.0,96728147.0
2012-07-30,0.55,0.54,0.62,0.53,39610.0,91538895.0
2012-07-31,0.55,0.58,0.62,0.52,41806.0,96825616.0
2012-08-01,0.5,0.63,0.68,0.5,44021.0,102827345.0
2012-08-02,0.63,0.65,0.66,0.55,38444.0,89547595.0
2012-08-03,0.63,0.7,0.7,0.62,37658.0,88755022.0
2012-08-06,0.7,0.79,0.81,0.67,51070.0,122213860.0
2012-08-07,0.78,0.74,0.79,0.71,44127.0,105856218.0
2012-08-08,0.74,0.71,0.78,0.65,44566.0,105992810.0
2012-08-09,0.71,0.76,0.77,0.65,56597.0,134592234.0
2012-08-10,0.75,0.64,0.75,0.63,53937.0,127391160.0
2012-08-13,0.64,0.61,0.69,0.59,52938.0,124074026.0
2012-08-14,0.61,0.7,0.7,0.6,42475.0,99907303.0
2012-08-15,0.7,0.65,0.71,0.62,36530.0,85962977.0
2012-08-16,0.63,0.6,0.65,0.6,39266.0,91730700.0
2012-08-17,0.62,0.58,0.62,0.53,33066.0,63532452.0
2012-08-20,0.53,0.5,0.53,0.4,43675.0,82079836.0
2012-08-21,0.5,0.52,0.56,0.47,35686.0,67688788.0
2012-08-22,0.52,0.47,0.54,0.45,29938.0,56461745.0
2012-08-23,0.47,0.47,0.53,0.44,34090.0,64212142.0
2012-08-24,0.46,0.31,0.46,0.31,47306.0,87079268.0
2012-08-27,0.31,0.1,0.31,0.09,65595.0,114660172.0
2012-08-28,0.09,0.09,0.12,0.05,48552.0,83673072.0
2012-08-29,0.09,-0.02,0.1,-0.05,60348.0,102481569.0
2012-08-30,-0.1,0.05,0.1,-0.1,73188.0,124437264.0
2012-08-31,0.05,0.05,0.16,0.02,74884.0,129158670.0
2012-09-03,0.07,0.27,0.44,0.07,170905.0,307844320.0
2012-09-04,0.28,0.22,0.4,0.18,96237.0,173611347.0
2012-09-05,0.19,0.24,0.29,0.18,49293.0,88097150.0
2012-09-06,0.24,0.22,0.32,0.2,51582.0,92430491.0
2012-09-07,0.29,0.59,0.67,0.26,231269.0,438471488.0
2012-09-10,0.59,0.8,0.85,0.55,203934.0,404474784.0
2012-09-11,0.77,0.75,0.77,0.65,106808.0,210556753.0
2012-09-12,0.79,0.84,0.9,0.75,111233.0,224751733.0
2012-09-13,0.86,0.7,0.86,0.69,88913.0,177258448.0
2012-09-14,0.74,0.71,0.82,0.6,85985.0,170242795.0
2012-09-17,0.72,0.55,0.72,0.55,78611.0,152455004.0
2012-09-18,0.52,0.44,0.52,0.42,56656.0,106529542.0
2012-09-19,0.44,0.5,0.52,0.44,42287.0,79473748.0
2012-09-20,0.47,0.25,0.47,0.25,62195.0,114091434.0
2012-09-21,0.25,0.28,0.38,0.23,45453.0,82676087.0
2012-09-24,0.29,0.42,0.45,0.21,61426.0,112925861.0
2012-09-25,0.4,0.29,0.42,0.26,45514.0,82988900.0
2012-09-26,0.29,0.27,0.32,0.22,36978.0,66418392.0
2012-09-27,0.28,0.5,0.55,0.27,77157.0,144019087.0
2012-09-28,0.45,0.61,0.64,0.42,93039.0,177888006.0
2012-10-08,0.65,0.54,0.66,0.51,54392.0,104146001.0
2012-10-09,0.59,0.7,0.71,0.58,86694.0,169828323.0
2012-10-10,0.67,0.69,0.74,0.65,50944.0,100309913.0
2012-10-11,0.67,0.61,0.68,0.59,58237.0,113073663.0
2012-10-12,0.64,0.71,0.74,0.59,91900.0,180773401.0
2012-10-15,0.7,0.71,0.75,0.64,53588.0,105438414.0
2012-10-16,0.69,0.77,0.8,0.68,72391.0,144280261.0
2012-10-17,0.8,0.73,0.82,0.71,52770.0,105233597.0
2012-10-18,0.76,0.94,0.94,0.75,132558.0,269122736.0
2012-10-19,0.97,1.12,1.39,0.97,225158.0,485923536.0
2012-10-22,1.07,1.22,1.25,1.03,95230.0,204867484.0
2012-10-23,1.22,1.07,1.27,1.05,86294.0,183840662.0
2012-10-24,0.99,1.16,1.25,0.98,97598.0,208134979.0
2012-10-25,1.17,0.89,1.19,0.86,110770.0,230192440.0
2012-10-26,0.88,0.77,0.92,0.72,84432.0,168454925.0
2012-10-29,0.71,0.66,0.73,0.59,68972.0,134283507.0
2012-10-30,0.65,0.75,0.82,0.64,62806.0,124400265.0
2012-10-31,0.75,0.79,0.81,0.71,42627.0,84624929.0
2012-11-01,0.8,0.96,0.98,0.79,97418.0,199020948.0
2012-11-02,0.97,1.07,1.12,0.96,137792.0,289927344.0
2012-11-05,1.07,1.13,1.16,1.02,95082.0,202507029.0
2012-11-06,1.12,1.04,1.12,0.93,75637.0,157487322.0
2012-11-07,1.01,1.0,1.08,0.99,55570.0,116314596.0
2012-11-08,0.94,0.79,0.98,0.78,54984.0,112316941.0
2012-11-09,0.78,0.88,0.92,0.75,57945.0,117273003.0
2012-11-12,0.89,0.99,1.04,0.89,58675.0,121754473.0
2012-11-13,0.93,0.93,1.02,0.93,62746.0,129838172.0
2012-11-14,0.92,1.02,1.02,0.89,60124.0,124451592.0
2012-11-15,0.99,0.92,1.04,0.9,50995.0,105497353.0
2012-11-16,0.88,0.89,0.94,0.82,38033.0,77163258.0
2012-11-19,0.89,0.99,1.0,0.86,45885.0,94304564.0
2012-11-20,1.02,1.05,1.1,1.0,86927.0,182903683.0
2012-11-21,1.04,1.25,1.25,1.04,107689.0,230648806.0
2012-11-22,1.22,1.2,1.28,1.15,75791.0,164455518.0
2012-11-23,1.21,1.3,1.37,1.21,95128.0,209978896.0
2012-11-26,1.27,1.18,1.33,1.17,59783.0,130420369.0
2012-11-27,1.18,1.05,1.21,1.03,64305.0,136137580.0
2012-11-28,1.04,1.03,1.05,0.92,55972.0,116503211.0
2012-11-29,1.03,1.16,1.22,1.03,60085.0,128507233.0
2012-11-30,1.13,1.32,1.35,1.13,95255.0,209125449.0
2012-12-03,1.32,1.36,1.44,1.26,162700.0,364755200.0
2012-12-04,1.3,1.6,1.62,1.28,138121.0,313060896.0
2012-12-05,1.58,1.75,1.84,1.55,197300.0,466715424.0
2012-12-06,1.75,1.67,1.86,1.62,99148.0,234030317.0
2012-12-07,1.67,1.88,1.9,1.55,171591.0,411542096.0
2012-12-10,1.89,1.84,1.92,1.81,105849.0,256885397.0
2012-12-11,1.82,1.67,1.83,1.65,86136.0,203939975.0
2012-12-12,1.65,1.86,1.86,1.65,74832.0,178752814.0
2012-12-13,1.86,1.77,1.86,1.73,48399.0,115851656.0
2012-12-14,1.77,2.09,2.13,1.77,146296.0,364236672.0
2012-12-17,2.09,2.12,2.29,1.96,158913.0,401418512.0
2012-12-18,2.11,2.13,2.24,2.0,124094.0,313663040.0
2012-12-19,2.1,2.13,2.17,2.04,88921.0,224016761.0
2012-12-20,2.1,2.03,2.1,1.92,86457.0,214794877.0
2012-12-21,2.03,1.99,2.14,1.96,83781.0,209497470.0
2012-12-24,2.0,1.95,2.04,1.9,79050.0,194862293.0
2012-12-25,1.91,2.2,2.22,1.87,126590.0,320514304.0
2012-12-26,2.19,2.2,2.32,2.15,97257.0,249686789.0
2012-12-27,2.27,2.05,2.29,2.02,91755.0,231823574.0
2012-12-28,2.05,2.08,2.16,1.97,78792.0,196841184.0
2012-12-31,2.12,2.13,2.27,2.05,90218.0,228749828.0
2013-01-04,2.33,2.15,2.33,2.07,118558.0,302253024.0
2013-01-07,2.12,2.06,2.17,1.92,145266.0,362749200.0
2013-01-08,2.04,1.96,2.04,1.91,107689.0,265684559.0
2013-01-09,1.96,1.94,2.02,1.88,128551.0,315649312.0
2013-01-10,1.96,2.07,2.14,1.95,137757.0,344551808.0
2013-01-11,2.08,1.77,2.12,1.77,143377.0,352047936.0
2013-01-14,1.77,1.97,1.99,1.72,144471.0,350898944.0
2013-01-15,2.02,1.9,2.02,1.8,187630.0,457846256.0
2013-01-16,1.9,1.93,1.97,1.81,138301.0,337554976.0
2013-01-17,1.92,1.81,1.92,1.75,95057.0,229084838.0
2013-01-18,1.86,1.86,1.89,1.8,91281.0,220934699.0
2013-01-21,1.86,2.01,2.05,1.8,151399.0,374052368.0
2013-01-22,2.01,1.89,2.09,1.84,149578.0,370261744.0
2013-01-23,1.83,1.84,1.91,1.75,77579.0,187115308.0
2013-01-24,1.84,1.71,1.92,1.67,125415.0,300429200.0
2013-01-25,1.69,1.57,1.71,1.56,103670.0,241185333.0
2013-01-28,1.57,1.82,1.82,1.57,119259.0,283750800.0
2013-01-29,1.82,1.82,1.91,1.8,106341.0,257807124.0
2013-01-30,1.82,1.97,2.01,1.82,130738.0,321577456.0
2013-01-31,1.99,1.93,2.02,1.88,73921.0,180969487.0
2013-02-01,1.92,2.14,2.16,1.86,191501.0,478569264.0
2013-02-04,2.15,2.38,2.42,2.15,301406.0,788699744.0
2013-02-05,2.38,2.46,2.53,2.34,191970.0,510691248.0
2013-02-06,2.45,2.47,2.57,2.4,158020.0,424380848.0
2013-02-07,2.47,2.57,2.61,2.43,131730.0,355558320.0
2013-02-08,2.57,2.86,2.99,2.57,161136.0,453970016.0
2013-02-18,2.92,2.69,2.98,2.66,121230.0,336632528.0
2013-02-19,2.6,2.33,2.6,2.25,174642.0,460332416.0
2013-02-20,2.3,2.36,2.42,2.25,89031.0,232948687.0
2013-02-21,2.31,2.01,2.32,1.89,188899.0,472460080.0
2013-02-22,1.95,1.95,2.06,1.91,82035.0,202612058.0
2013-02-25,1.99,1.98,2.15,1.96,79547.0,198772640.0
2013-02-26,1.98,1.89,2.06,1.84,110032.0,272069488.0
2013-02-27,1.91,1.98,2.04,1.91,58229.0,143521447.0
2013-02-28,2.0,2.19,2.2,2.0,106747.0,270096000.0
2013-03-01,2.22,2.09,2.22,2.02,96666.0,244221935.0
2013-03-04,2.0,1.61,2.01,1.57,210499.0,499483360.0
2013-03-05,1.62,1.63,1.69,1.47,147058.0,339816432.0
2013-03-06,1.65,1.6,1.68,1.5,100454.0,232344992.0
2013-03-07,1.6,1.69,1.77,1.56,103794.0,244181350.0
2013-03-08,1.7,1.68,1.79,1.65,58588.0,138676511.0
2013-03-11,1.68,1.59,1.68,1.5,55406.0,127985375.0
2013-03-12,1.59,1.51,1.69,1.46,68926.0,158491154.0
2013-03-13,1.5,1.27,1.5,1.27,93451.0,207062393.0
2013-03-14,1.25,1.24,1.38,1.22,75823.0,166671805.0
2013-03-15,1.25,1.34,1.45,1.2,108678.0,241973679.0
2013-03-18,1.31,1.33,1.42,1.27,51615.0,114254016.0
2013-03-19,1.39,1.37,1.42,1.33,51296.0,114335153.0
2013-03-20,1.38,1.59,1.6,1.38,85681.0,196841729.0
2013-03-21,1.6,1.58,1.65,1.55,66253.0,153417225.0
2013-03-22,1.58,1.46,1.58,1.35,101229.0,228093967.0
2013-03-25,1.48,1.42,1.52,1.39,52879.0,119295415.0
2013-03-26,1.4,1.37,1.4,1.25,52764.0,116672477.0
2013-03-27,1.37,1.32,1.41,1.29,44138.0,98007369.0
2013-03-28,1.27,1.15,1.37,1.14,75522.0,163165862.0
2013-03-29,1.14,1.15,1.23,1.12,43585.0,93497262.0
2013-04-01,1.1,0.98,1.13,0.97,69467.0,145098024.0
2013-04-02,0.98,1.01,1.14,0.94,88169.0,184133838.0
2013-04-03,1.03,1.02,1.09,0.91,55198.0,114813510.0
2013-04-08,0.92,1.08,1.1,0.91,50979.0,106324414.0
2013-04-09,1.1,1.12,1.28,1.05,113785.0,245452330.0
2013-04-10,1.14,1.25,1.26,1.07,90465.0,196291901.0
2013-04-11,1.29,1.54,1.59,1.28,178576.0,405888944.0
2013-04-12,1.55,1.58,1.73,1.55,155108.0,362632096.0
2013-04-15,1.59,1.46,1.59,1.4,82375.0,186662569.0
2013-04-16,1.38,1.52,1.52,1.34,69246.0,155756471.0
2013-04-17,1.47,1.65,1.65,1.47,87067.0,201972251.0
2013-04-18,1.61,1.45,1.77,1.45,117895.0,276307840.0
2013-04-19,1.45,1.62,1.66,1.45,95077.0,220880275.0
2013-04-22,1.63,1.8,1.82,1.63,105983.0,251982364.0
2013-04-23,1.77,1.56,1.8,1.53,95908.0,224137966.0
2013-04-24,1.53,1.63,1.71,1.52,64563.0,150002698.0
2013-04-25,1.62,1.57,1.75,1.55,58193.0,135952477.0
2013-04-26,1.65,1.29,1.72,1.27,96993.0,217396534.0
2013-05-02,1.29,1.19,1.29,1.1,48377.0,104134383.0
2013-05-03,1.21,1.29,1.39,1.21,75764.0,167727975.0
2013-05-06,1.32,1.39,1.45,1.31,61392.0,136961187.0
2013-05-07,1.36,1.35,1.41,1.34,49060.0,109351153.0
2013-05-08,1.41,1.51,1.59,1.39,75277.0,171836913.0
2013-05-09,1.52,1.5,1.58,1.41,71803.0,163720205.0
2013-05-10,1.45,1.52,1.57,1.45,57482.0,131470650.0
2013-05-13,1.57,1.48,1.57,1.45,44461.0,101186384.0
2013-05-14,1.45,1.34,1.51,1.15,129629.0,283701152.0
2013-05-15,1.33,1.24,1.34,1.19,65156.0,141792835.0
2013-05-16,1.24,1.38,1.4,1.24,72328.0,160457985.0
2013-05-17,1.4,1.47,1.48,1.31,92635.0,208424924.0
2013-05-20,1.57,1.71,1.77,1.57,139174.0,328196640.0
2013-05-21,1.71,1.71,1.75,1.59,86165.0,202292092.0
2013-05-22,1.73,1.76,1.79,1.64,84761.0,200137038.0
2013-05-23,1.7,1.6,1.75,1.56,90679.0,212349851.0
2013-05-24,1.63,1.63,1.69,1.57,55948.0,130465632.0
2013-05-27,1.61,1.63,1.71,1.6,83129.0,194671137.0
2013-05-28,1.63,1.75,1.75,1.59,100703.0,236407321.0
2013-05-29,1.79,1.71,1.82,1.71,93734.0,223337037.0
2013-05-30,1.68,1.67,1.75,1.65,75205.0,177367285.0
2013-05-31,1.67,1.56,1.72,1.55,84763.0,196335161.0
2013-06-03,1.57,1.53,1.63,1.52,51441.0,118433207.0
2013-06-04,1.57,1.43,1.57,1.38,63584.0,143810758.0
2013-06-05,1.44,1.42,1.47,1.36,45666.0,102249918.0
2013-06-06,1.41,1.43,1.54,1.39,60119.0,136104398.0
2013-06-07,1.48,1.26,1.48,1.24,62838.0,138591564.0
2013-06-13,1.19,0.97,1.19,0.92,81562.0,169128671.0
2013-06-14,0.97,0.88,1.01,0.8,126734.0,256388755.0
2013-06-17,0.87,0.81,0.88,0.77,85008.0,170169926.0
2013-06-18,0.83,0.84,0.88,0.79,105269.0,212047486.0
2013-06-19,0.85,0.79,0.85,0.73,55700.0,111005253.0
2013-06-20,0.79,0.67,0.85,0.66,69492.0,137579250.0
2013-06-21,0.61,0.61,0.65,0.51,76564.0,146815415.0
2013-06-24,0.61,0.26,0.62,0.24,110439.0,201755863.0
2013-06-25,0.25,0.15,0.25,-0.18,137421.0,235313758.0
2013-06-26,0.26,0.23,0.29,0.12,96579.0,169711566.0
2013-06-28,0.12,0.14,0.29,0.06,81818.0,143567589.0
2013-07-01,0.14,0.05,0.14,-0.08,97567.0,164768448.0
2013-07-02,0.06,0.21,0.21,-0.03,121466.0,208055094.0
2013-07-03,0.21,0.12,0.21,0.09,72486.0,125945275.0
2013-07-04,0.1,0.19,0.25,0.05,88730.0,155970589.0
2013-07-05,0.2,0.19,0.31,0.19,68664.0,122283561.0
2013-07-08,0.12,0.02,0.15,-0.02,54771.0,93473612.0
2013-07-09,0.01,0.02,0.08,0.0,31138.0,52865094.0
2013-07-10,0.02,0.18,0.19,0.02,59323.0,102311600.0
2013-07-11,0.19,0.41,0.54,0.19,140947.0,257406062.0
2013-07-12,0.42,0.31,0.5,0.3,77145.0,141228511.0
2013-07-15,0.32,0.35,0.44,0.32,74954.0,137095811.0
2013-07-16,0.36,0.28,0.36,0.21,111760.0,199327885.0
2013-07-17,0.27,0.2,0.29,0.18,97869.0,173324836.0
2013-07-18,0.17,0.08,0.17,0.05,69949.0,120222499.0
2013-07-19,0.08,-0.06,0.12,-0.08,100991.0,170697685.0
2013-07-22,-0.05,0.01,0.02,-0.09,42985.0,71860202.0
2013-07-23,0.03,0.29,0.3,0.03,122012.0,213987807.0
2013-07-24,0.28,0.27,0.38,0.17,92572.0,165499027.0
2013-07-25,0.3,0.19,0.34,0.18,57024.0,101070221.0
2013-07-26,0.17,0.23,0.27,0.13,50583.0,89463913.0
2013-07-29,0.2,0.13,0.2,0.09,43845.0,75919148.0
2013-07-30,0.16,0.21,0.28,0.14,49521.0,87333659.0
2013-07-31,0.27,0.2,0.32,0.18,44085.0,78435169.0
2013-08-01,0.27,0.29,0.33,0.22,64966.0,116589335.0
2013-08-02,0.34,0.32,0.36,0.29,81321.0,147530114.0
2013-08-05,0.32,0.35,0.35,0.27,46628.0,84200601.0
2013-08-06,0.35,0.41,0.44,0.28,97149.0,177580471.0
2013-08-07,0.4,0.36,0.47,0.36,73786.0,136145522.0
2013-08-08,0.41,0.37,0.43,0.32,48383.0,88441196.0
2013-08-09,0.4,0.43,0.44,0.33,65344.0,120486364.0
2013-08-12,0.43,0.6,0.61,0.42,98523.0,187733717.0
2013-08-13,0.62,0.73,0.78,0.62,114445.0,224827140.0
2013-08-14,0.73,0.66,0.86,0.63,123342.0,244362641.0
2013-08-15,0.66,0.7,0.79,0.65,93622.0,184726923.0
2013-08-16,0.69,0.6,0.79,0.56,103811.0,202117025.0
2013-08-19,0.59,0.65,0.69,0.52,69025.0,132895248.0
2013-08-20,0.64,0.49,0.7,0.46,98327.0,185634178.0
2013-08-21,0.53,0.47,0.53,0.42,63309.0,116802374.0
2013-08-22,0.47,0.5,0.56,0.41,40618.0,75429255.0
2013-08-23,0.53,0.43,0.56,0.35,79465.0,146179197.0
2013-08-26,0.43,0.58,0.6,0.43,72845.0,136398294.0
2013-08-27,0.59,0.58,0.61,0.52,43939.0,82535023.0
2013-08-28,0.56,0.49,0.56,0.47,71950.0,133761920.0
2013-08-29,0.53,0.53,0.53,0.42,74716.0,137920806.0
2013-08-30,0.57,0.65,0.68,0.57,113407.0,216434336.0
2013-09-02,0.67,0.73,0.82,0.59,134032.0,259982556.0
2013-09-03,0.73,0.74,0.78,0.69,87555.0,170985891.0
2013-09-04,0.75,0.72,0.77,0.68,63497.0,123610440.0
2013-09-05,0.73,0.64,0.76,0.63,75102.0,145163903.0
2013-09-06,0.64,0.68,0.73,0.61,59171.0,113601742.0
2013-09-09,0.7,0.81,0.85,0.69,131696.0,259692672.0
2013-09-10,0.81,0.93,0.96,0.78,153858.0,309609952.0
2013-09-11,0.95,1.12,1.23,0.95,252121.0,531218048.0
2013-09-12,1.11,1.03,1.11,0.98,128888.0,266671569.0
2013-09-13,1.01,0.91,1.08,0.88,106929.0,217338447.0
2013-09-16,0.91,0.99,1.04,0.91,63196.0,129537903.0
2013-09-17,0.98,0.89,1.05,0.88,63948.0,130599890.0
2013-09-18,0.92,0.84,0.92,0.79,54433.0,108529459.0
2013-09-23,0.84,0.9,0.95,0.84,54063.0,109262404.0
2013-09-24,0.94,0.84,0.94,0.8,58421.0,116393362.0
2013-09-25,0.84,0.81,0.93,0.81,60308.0,121085394.0
2013-09-26,0.81,0.7,0.81,0.68,70421.0,137501118.0
2013-09-27,0.7,0.74,0.77,0.69,33290.0,64862636.0
2013-09-30,0.77,0.7,0.81,0.68,42209.0,82222738.0
2013-10-08,0.69,0.81,0.83,0.64,57570.0,112849503.0
2013-10-09,0.78,0.86,0.91,0.78,52979.0,106133690.0
2013-10-10,0.86,0.74,0.89,0.73,58891.0,116122349.0
2013-10-11,0.78,0.83,0.88,0.77,71144.0,141350975.0
2013-10-14,0.85,0.86,0.92,0.83,84383.0,169459793.0
2013-10-15,0.87,0.89,0.92,0.78,77965.0,155876115.0
2013-10-16,0.86,0.78,0.89,0.74,65163.0,128828803.0
2013-10-17,0.81,0.81,0.87,0.79,51029.0,101569498.0
2013-10-18,0.83,0.98,1.02,0.78,127342.0,257308147.0
2013-10-21,1.03,1.01,1.05,0.89,101645.0,207232590.0
2013-10-22,1.01,0.92,1.01,0.91,68274.0,138289835.0
2013-10-23,0.95,0.89,1.02,0.86,74033.0,149856883.0
2013-10-24,0.89,0.91,1.0,0.83,61052.0,122965280.0
2013-10-25,0.92,0.86,0.95,0.82,51260.0,102435547.0
2013-10-28,0.83,0.67,0.85,0.62,70785.0,136432770.0
2013-10-29,0.68,0.56,0.73,0.53,73101.0,138034288.0
2013-10-30,0.55,0.64,0.67,0.55,54363.0,103117624.0
2013-10-31,0.64,0.64,0.66,0.6,31388.0,59558214.0
2013-11-01,0.7,0.72,0.73,0.66,39540.0,76252953.0
2013-11-04,0.78,0.73,0.81,0.71,33121.0,64711783.0
2013-11-05,0.68,0.77,0.78,0.64,34776.0,67212590.0
2013-11-06,0.74,0.68,0.79,0.68,26850.0,52216892.0
2013-11-07,0.68,0.68,0.73,0.64,25346.0,48659876.0
2013-11-08,0.68,0.61,0.71,0.61,29608.0,56493347.0
2013-11-11,0.61,0.62,0.65,0.59,19389.0,36708012.0
2013-11-12,0.65,0.62,0.67,0.58,28618.0,54198673.0
2013-11-13,0.58,0.53,0.59,0.51,37530.0,69902585.0
2013-11-14,0.58,0.57,0.59,0.53,26362.0,49442377.0
2013-11-15,0.58,0.68,0.73,0.57,59747.0,114715095.0
2013-11-18,0.73,0.86,0.86,0.72,79177.0,155652622.0
2013-11-19,0.88,0.8,0.9,0.78,97865.0,192954771.0
2013-11-20,0.88,0.89,0.89,0.8,108540.0,215256768.0
2013-11-21,0.86,0.84,0.88,0.79,78890.0,156039832.0
2013-11-22,0.88,0.83,0.89,0.81,41668.0,82779382.0
2013-11-25,0.81,0.88,0.92,0.78,109872.0,219387761.0
2013-11-26,0.85,0.83,0.9,0.79,75110.0,148570180.0
2013-11-27,0.81,0.85,0.87,0.78,108396.0,213992919.0
2013-11-28,0.85,1.07,1.11,0.85,209773.0,430321664.0
2013-11-29,1.04,1.02,1.09,1.01,107832.0,222544858.0
2013-12-02,0.99,0.96,1.08,0.88,127763.0,260668770.0
2013-12-03,0.96,1.08,1.09,0.95,96102.0,197821071.0
2013-12-04,1.07,1.19,1.22,1.05,143657.0,302932384.0
2013-12-05,1.18,1.14,1.21,1.08,79743.0,168124162.0
2013-12-06,1.13,1.13,1.23,1.11,65447.0,138117658.0
2013-12-09,1.18,1.18,1.27,1.16,62967.0,134347519.0
2013-12-10,1.18,1.1,1.24,1.08,71066.0,149319837.0
2013-12-11,1.05,0.94,1.05,0.92,86876.0,176749911.0
2013-12-12,0.93,0.94,0.98,0.87,71065.0,143229237.0
2013-12-13,0.88,0.89,0.97,0.85,89172.0,178820192.0
2013-12-16,0.89,0.81,0.9,0.81,65006.0,128774339.0
2013-12-17,0.81,0.78,0.83,0.76,54827.0,107483701.0
2013-12-18,0.78,0.75,0.82,0.74,58475.0,114428089.0
2013-12-19,0.76,0.67,0.78,0.66,76831.0,148332987.0
2013-12-20,0.67,0.53,0.68,0.52,107288.0,201586939.0
2013-12-23,0.55,0.55,0.6,0.5,58994.0,110010853.0
2013-12-24,0.57,0.49,0.61,0.44,78553.0,146340750.0
2013-12-25,0.51,0.56,0.58,0.49,41923.0,78095682.0
2013-12-26,0.56,0.46,0.56,0.43,71314.0,131462092.0
2013-12-27,0.47,0.59,0.61,0.44,66491.0,124103591.0
2013-12-30,0.63,0.59,0.65,0.58,40494.0,76474132.0
2013-12-31,0.57,0.63,0.63,0.5,55116.0,103348453.0
2014-01-02,0.62,0.57,0.62,0.54,41806.0,78315685.0
2014-01-03,0.52,0.46,0.56,0.44,70790.0,130272850.0
2014-01-06,0.46,0.31,0.46,0.31,69890.0,124722678.0
2014-01-07,0.26,0.32,0.36,0.26,41026.0,72642702.0
2014-01-08,0.33,0.32,0.36,0.28,56892.0,100959076.0
2014-01-09,0.31,0.25,0.35,0.24,47919.0,84768728.0
2014-01-10,0.23,0.18,0.25,0.16,59353.0,102580912.0
2014-01-13,0.16,0.18,0.23,0.16,38498.0,66256348.0
2014-01-14,0.19,0.3,0.31,0.19,39586.0,69405152.0
2014-01-15,0.3,0.3,0.32,0.26,25194.0,44335135.0
2014-01-16,0.3,0.34,0.38,0.3,38874.0,69395720.0
2014-01-17,0.32,0.26,0.33,0.26,36055.0,63474376.0
2014-01-20,0.27,0.26,0.32,0.23,30759.0,54067872.0
2014-01-21,0.28,0.33,0.37,0.27,38198.0,68093474.0
2014-01-22,0.35,0.43,0.44,0.33,51228.0,92741797.0
2014-01-23,0.43,0.41,0.45,0.4,38333.0,69681264.0
2014-01-24,0.41,0.41,0.45,0.39,40265.0,73249585.0
2014-01-27,0.38,0.31,0.38,0.28,51215.0,90838573.0
2014-01-28,0.31,0.33,0.38,0.27,44347.0,78780574.0
2014-01-29,0.33,0.34,0.38,0.31,29472.0,52525503.0
2014-01-30,0.29,0.26,0.35,0.25,50743.0,89088617.0
2014-02-07,0.22,0.29,0.29,0.2,47569.0,82920839.0
2014-02-10,0.33,0.42,0.43,0.3,76650.0,138276610.0
2014-02-11,0.41,0.43,0.45,0.38,71488.0,129830184.0
2014-02-12,0.44,0.44,0.48,0.41,66503.0,121429052.0
2014-02-13,0.43,0.41,0.46,0.38,78259.0,142344469.0
2014-02-14,0.41,0.42,0.44,0.37,95690.0,173010687.0
2014-02-17,0.43,0.46,0.47,0.41,121564.0,221741902.0
2014-02-18,0.47,0.4,0.48,0.39,97337.0,176995177.0
2014-02-19,0.39,0.37,0.41,0.32,117240.0,210424494.0
2014-02-20,0.37,0.35,0.45,0.34,115775.0,208521854.0
2014-02-21,0.33,0.31,0.37,0.29,68156.0,121104884.0
2014-02-24,0.25,0.18,0.26,0.16,105434.0,182072097.0
2014-02-25,0.19,0.14,0.24,0.13,90255.0,155222203.0
2014-02-26,0.13,0.15,0.19,0.11,85489.0,145679777.0
2014-02-27,0.16,0.06,0.17,0.03,103641.0,175694213.0
2014-02-28,0.06,0.24,0.28,0.04,98464.0,167776282.0
2014-03-03,0.24,0.17,0.24,0.14,113256.0,194508417.0
2014-03-04,0.16,0.12,0.16,0.06,111647.0,188279997.0
2014-03-05,0.13,0.09,0.14,0.08,54454.0,91820771.0
2014-03-06,0.08,0.12,0.12,0.0,126994.0,211893153.0
2014-03-07,0.08,0.05,0.11,0.05,61005.0,102260394.0
2014-03-10,0.05,-0.08,0.05,-0.09,75625.0,123444987.0
2014-03-11,-0.09,-0.11,-0.07,-0.14,89178.0,142954869.0
2014-03-12,-0.12,-0.09,-0.09,-0.13,58913.0,94437602.0
2014-03-13,-0.08,-0.04,-0.02,-0.09,49862.0,81110171.0
2014-03-14,-0.04,-0.07,0.02,-0.08,66215.0,108347079.0
2014-03-17,-0.04,0.02,0.03,-0.06,52633.0,86617760.0
2014-03-18,0.02,0.01,0.05,-0.01,56226.0,93165321.0
2014-03-19,0.01,0.01,0.01,-0.02,44330.0,72889481.0
2014-03-20,0.02,-0.04,0.04,-0.04,48759.0,80482348.0
2014-03-21,-0.07,0.06,0.08,-0.08,79065.0,130450954.0
2014-03-24,0.07,0.09,0.12,0.02,78519.0,131354431.0
2014-03-25,0.06,0.06,0.13,0.05,52494.0,88158392.0
2014-03-26,0.07,0.05,0.09,0.03,45882.0,76498164.0
2014-03-27,0.05,0.02,0.07,-0.01,45743.0,75839247.0
2014-03-28,0.02,0.05,0.07,0.01,49813.0,82943848.0
2014-03-31,0.04,0.04,0.09,0.01,48533.0,80732892.0
2014-04-01,0.04,0.08,0.11,0.02,56178.0,94179598.0
2014-04-02,0.1,0.16,0.17,0.09,88937.0,151083099.0
2014-04-03,0.17,0.12,0.24,0.11,109403.0,188469850.0
2014-04-04,0.11,0.15,0.15,0.09,56831.0,96599264.0
2014-04-08,0.13,0.19,0.22,0.11,101180.0,174268088.0
2014-04-09,0.21,0.24,0.27,0.19,106368.0,185072497.0
2014-04-10,0.23,0.63,0.67,0.23,572706.0,1067271408.0
2014-04-11,0.63,0.63,0.71,0.58,607762.0,1160142368.0
2014-04-14,0.61,0.55,0.68,0.49,259105.0,485110864.0
2014-04-15,0.54,0.42,0.56,0.41,214953.0,394161872.0
2014-04-16,0.39,0.43,0.47,0.39,125981.0,228965985.0
2014-04-17,0.45,0.33,0.46,0.33,138248.0,248141733.0
2014-04-18,0.37,0.37,0.39,0.33,90849.0,162946902.0
2014-04-21,0.35,0.26,0.35,0.26,112328.0,198290417.0
2014-04-22,0.25,0.25,0.28,0.17,97996.0,170293645.0
2014-04-23,0.24,0.19,0.27,0.19,93854.0,162938918.0
2014-04-24,0.18,0.17,0.25,0.17,109471.0,189509724.0
2014-04-25,0.21,0.11,0.21,0.11,101734.0,174352930.0
2014-04-28,0.09,0.06,0.11,0.02,87293.0,145758270.0
2014-04-29,0.07,0.18,0.18,0.06,75357.0,127644582.0
2014-04-30,0.25,0.17,0.26,0.16,94247.0,162932642.0
2014-05-05,0.17,0.22,0.23,0.16,75941.0,130881474.0
2014-05-06,0.22,0.2,0.27,0.18,75009.0,130572292.0
2014-05-07,0.18,0.12,0.18,0.08,58839.0,100196284.0
2014-05-08,0.11,0.11,0.18,0.1,48277.0,82373285.0
2014-05-09,0.15,0.19,0.2,0.11,66193.0,113208317.0
2014-05-12,0.21,0.3,0.33,0.21,128343.0,226026896.0
2014-05-13,0.31,0.24,0.31,0.23,76473.0,133764521.0
2014-05-14,0.24,0.23,0.26,0.21,57718.0,100466370.0
2014-05-15,0.23,0.18,0.25,0.18,48925.0,84708969.0
2014-05-16,0.17,0.23,0.23,0.17,50589.0,87350530.0
2014-05-19,0.21,0.17,0.21,0.14,44095.0,75597686.0
2014-05-20,0.18,0.19,0.23,0.18,42549.0,73571820.0
2014-05-21,0.19,0.25,0.25,0.16,44988.0,78181113.0
2014-05-22,0.26,0.19,0.28,0.19,61926.0,108004354.0
2014-05-23,0.2,0.23,0.25,0.19,52728.0,91737953.0
2014-05-26,0.28,0.24,0.28,0.22,47308.0,82658050.0
2014-05-27,0.23,0.23,0.26,0.23,32913.0,57429361.0
2014-05-28,0.23,0.28,0.28,0.2,65095.0,113872164.0
2014-05-29,0.28,0.27,0.33,0.26,83779.0,148030615.0
2014-05-30,0.27,0.24,0.29,0.22,47702.0,83393498.0
2014-06-03,0.26,0.26,0.32,0.26,59376.0,104587904.0
2014-06-04,0.26,0.26,0.29,0.24,67447.0,118095676.0
2014-06-05,0.26,0.29,0.29,0.25,69246.0,121602869.0
2014-06-06,0.3,0.25,0.3,0.23,59712.0,104599838.0
2014-06-09,0.24,0.26,0.27,0.21,61465.0,107392254.0
2014-06-10,0.26,0.3,0.32,0.25,74286.0,131110486.0
2014-06-11,0.3,0.32,0.32,0.29,63410.0,112331854.0
2014-06-13,0.38,0.4,0.45,0.35,133664.0,242053136.0
2014-06-16,0.45,0.42,0.46,0.39,94364.0,171436892.0
2014-06-17,0.41,0.35,0.43,0.33,79422.0,142421494.0
2014-06-18,0.35,0.32,0.37,0.31,54821.0,97734701.0
2014-06-19,0.32,0.25,0.35,0.24,58752.0,103920529.0
2014-06-20,0.25,0.28,0.29,0.25,54879.0,96553123.0
2014-06-23,0.3,0.29,0.33,0.27,49358.0,87306686.0
2014-06-24,0.3,0.28,0.3,0.27,56079.0,98788674.0
2014-06-25,0.28,0.25,0.28,0.24,45594.0,79780854.0
2014-06-26,0.25,0.29,0.31,0.25,48231.0,85017605.0
2014-06-27,0.3,0.29,0.32,0.27,52085.0,91844653.0
2014-06-30,0.28,0.33,0.36,0.28,62365.0,110934080.0
2014-07-01,0.33,0.31,0.34,0.29,58887.0,104173900.0
2014-07-02,0.31,0.33,0.34,0.29,65694.0,116466160.0
2014-07-03,0.33,0.35,0.37,0.32,67858.0,121339556.0
2014-07-04,0.36,0.39,0.4,0.34,85141.0,153067360.0
2014-07-07,0.39,0.36,0.42,0.35,76965.0,138446510.0
2014-07-08,0.35,0.34,0.37,0.3,67577.0,120297152.0
2014-07-09,0.33,0.3,0.34,0.3,75938.0,134930562.0
2014-07-10,0.3,0.3,0.31,0.28,47955.0,84690545.0
2014-07-11,0.31,0.29,0.34,0.28,99603.0,176211440.0
2014-07-14,0.3,0.44,0.47,0.28,169383.0,306372432.0
2014-07-15,0.53,0.49,0.57,0.47,221957.0,411867904.0
2014-07-16,0.5,0.47,0.54,0.45,118347.0,218219008.0
2014-07-17,0.47,0.55,0.56,0.46,158263.0,293391184.0
2014-07-18,0.53,0.59,0.66,0.52,207573.0,390967600.0
2014-07-21,0.63,0.56,0.65,0.56,130501.0,246429797.0
2014-07-22,0.56,0.62,0.65,0.52,145054.0,273904112.0
2014-07-23,0.62,0.75,0.81,0.62,243031.0,473054544.0
2014-07-24,0.77,0.79,0.82,0.72,223154.0,436469648.0
2014-07-25,0.86,0.97,1.0,0.81,284830.0,572953520.0
2014-07-28,1.02,1.04,1.1,0.95,308655.0,634521744.0
2014-07-29,1.03,1.01,1.06,0.97,209971.0,430942096.0
2014-07-30,0.98,1.05,1.12,0.97,200526.0,414971264.0
2014-07-31,1.04,1.04,1.05,0.96,203928.0,417375936.0
2014-08-01,1.04,0.98,1.12,0.98,183911.0,378981152.0
2014-08-04,0.96,1.1,1.11,0.95,187585.0,387176160.0
2014-08-05,1.11,1.13,1.18,1.06,202972.0,425959600.0
2014-08-06,1.09,1.11,1.16,1.03,149136.0,311217200.0
2014-08-07,1.09,0.99,1.15,0.98,149237.0,309794832.0
2014-08-08,0.98,1.01,1.06,0.96,139797.0,286299088.0
2014-08-11,1.04,1.22,1.23,1.04,279982.0,589556544.0
2014-08-12,1.18,1.18,1.21,1.13,173696.0,367130064.0
2014-08-13,1.21,1.19,1.24,1.14,131053.0,277873376.0
2014-08-14,1.21,1.05,1.24,1.05,178045.0,374602272.0
2014-08-15,1.07,1.11,1.16,1.06,113140.0,236612231.0
2014-08-18,1.12,1.14,1.17,1.1,135200.0,284160112.0
2014-08-19,1.14,1.1,1.16,1.06,128435.0,268193276.0
2014-08-20,1.1,1.06,1.1,1.05,142498.0,295613776.0
2014-08-21,1.04,0.95,1.05,0.91,161589.0,328448320.0
2014-08-22,0.95,0.98,0.99,0.93,111880.0,227239686.0
2014-08-25,0.99,0.94,1.0,0.91,87859.0,177944752.0
2014-08-26,0.93,0.92,0.97,0.89,91544.0,184725032.0
2014-08-27,0.94,0.98,1.05,0.94,115376.0,234224475.0
2014-08-28,0.98,1.03,1.05,0.96,120746.0,245984331.0
2014-08-29,1.02,1.04,1.05,0.98,90481.0,184624755.0
2014-09-01,1.06,1.06,1.09,1.02,152047.0,312732768.0
2014-09-02,1.09,1.1,1.11,1.01,210763.0,432612816.0
2014-09-03,1.1,1.2,1.23,1.08,242505.0,510208432.0
2014-09-04,1.19,1.18,1.2,1.13,151226.0,317314544.0
2014-09-05,1.21,1.19,1.23,1.14,187097.0,393697232.0
2014-09-09,1.2,1.2,1.23,1.16,174617.0,368704080.0
2014-09-10,1.17,1.1,1.18,1.1,195874.0,407347520.0
2014-09-11,1.1,1.02,1.15,1.02,236822.0,488629152.0
2014-09-12,1.0,1.05,1.06,0.99,140860.0,287639056.0
2014-09-15,1.04,1.02,1.04,0.98,154304.0,314080480.0
2014-09-16,1.03,0.93,1.06,0.93,172589.0,351417920.0
2014-09-17,0.93,0.9,0.97,0.85,167758.0,334450384.0
2014-09-18,0.89,0.91,0.94,0.87,113305.0,226165482.0
2014-09-19,0.9,0.99,1.0,0.9,124362.0,251363469.0
2014-09-22,0.98,0.9,0.98,0.89,107021.0,213814680.0
2014-09-23,0.91,0.95,0.96,0.89,103453.0,207363720.0
2014-09-24,0.95,1.02,1.03,0.92,146397.0,296706928.0
2014-09-25,1.05,0.99,1.06,0.98,161451.0,328960304.0
2014-09-26,0.98,0.98,1.01,0.96,87096.0,176464150.0
2014-09-29,1.01,0.99,1.03,0.96,189750.0,384511296.0
2014-09-30,0.99,0.99,1.02,0.97,132137.0,267982724.0
2014-10-08,1.0,1.08,1.08,0.97,230570.0,470220832.0
2014-10-09,1.08,1.04,1.11,1.01,169438.0,348089024.0
2014-10-10,1.03,1.07,1.13,1.01,262215.0,541693024.0
2014-10-13,1.06,0.97,1.06,0.93,178975.0,362239328.0
2014-10-14,0.96,0.95,1.0,0.94,121883.0,245948481.0
2014-10-15,0.97,0.98,1.0,0.9,172147.0,346656992.0
2014-10-16,0.94,0.92,0.98,0.91,137998.0,277548432.0
2014-10-17,0.91,0.88,0.96,0.82,148967.0,295695760.0
2014-10-20,0.9,0.93,0.95,0.88,95787.0,191701847.0
2014-10-21,0.93,0.89,0.93,0.89,84155.0,168047485.0
2014-10-22,0.91,0.9,0.94,0.89,100606.0,200668475.0
2014-10-23,0.91,0.84,0.93,0.83,125302.0,248501852.0
2014-10-24,0.86,0.82,0.86,0.81,70712.0,138370233.0
2014-10-27,0.79,0.73,0.79,0.69,102946.0,196970640.0
2014-10-28,0.74,0.83,0.84,0.74,107437.0,208293304.0
2014-10-29,0.84,0.93,0.97,0.83,158742.0,315535600.0
2014-10-30,0.94,0.93,0.95,0.89,131580.0,262173341.0
2014-10-31,0.94,1.03,1.03,0.93,259670.0,525350592.0
2014-11-03,1.04,1.0,1.08,0.98,217379.0,442965312.0
2014-11-04,0.99,1.12,1.21,0.97,406153.0,843727488.0
2014-11-05,1.14,1.08,1.22,1.02,293420.0,604639904.0
2014-11-06,1.08,1.04,1.09,0.98,153122.0,310854080.0
2014-11-07,1.03,1.02,1.11,0.98,210606.0,429647664.0
2014-11-10,1.1,1.2,1.2,1.05,376954.0,784615888.0
2014-11-11,1.26,1.15,1.36,1.08,482358.0,1019632416.0
2014-11-12,1.13,1.32,1.33,1.1,416376.0,881639728.0
2014-11-13,1.33,1.35,1.4,1.27,341015.0,736483920.0
2014-11-14,1.34,1.37,1.4,1.25,329513.0,711009840.0
2014-11-17,1.4,1.22,1.45,1.21,290548.0,622201328.0
2014-11-18,1.17,1.11,1.19,1.07,248579.0,513830160.0
2014-11-19,1.1,1.11,1.16,1.1,155084.0,321658800.0
2014-11-20,1.08,1.1,1.14,1.05,108762.0,223867339.0
2014-11-21,1.11,1.16,1.17,1.07,177451.0,367172032.0
2014-11-24,1.22,1.3,1.37,1.17,355925.0,761284608.0
2014-11-25,1.28,1.31,1.34,1.26,226660.0,484935760.0
2014-11-26,1.33,1.32,1.35,1.27,199362.0,426914976.0
2014-11-27,1.33,1.31,1.36,1.25,260852.0,558498768.0
2014-11-28,1.31,1.4,1.41,1.22,307930.0,658062288.0
2014-12-01,1.42,1.55,1.73,1.42,502894.0,1135596064.0
2014-12-02,1.52,1.71,1.74,1.48,450383.0,1023740176.0
2014-12-03,1.73,1.64,1.91,1.58,567677.0,1315744432.0
2014-12-04,1.66,1.86,1.88,1.66,514991.0,1198330448.0
2014-12-05,1.86,1.69,1.94,1.51,570320.0,1323601904.0
2014-12-08,1.66,2.21,2.25,1.59,734810.0,1778167776.0
2014-12-09,2.12,2.11,2.8,2.09,996724.0,2595849344.0
2014-12-10,2.12,2.44,2.49,2.12,557610.0,1427449952.0
2014-12-11,2.44,2.43,2.71,2.27,461572.0,1208818176.0
2014-12-12,2.44,2.36,2.51,2.3,284625.0,731073344.0
2014-12-15,2.32,2.42,2.46,2.16,305342.0,774281360.0
2014-12-16,2.39,2.44,2.51,2.35,312643.0,810771632.0
2014-12-17,2.46,2.3,2.49,2.23,309526.0,791739616.0
2014-12-18,2.32,2.59,2.61,2.32,458510.0,1206798288.0
2014-12-19,2.6,2.89,3.02,2.42,676317.0,1832622576.0
2014-12-22,2.99,2.7,3.26,2.65,596008.0,1657452880.0
2014-12-23,2.69,2.42,2.69,2.39,349930.0,924300688.0
2014-12-24,2.44,2.33,2.49,2.22,313534.0,805091152.0
2014-12-25,2.39,2.69,2.82,2.39,463547.0,1241718736.0
2014-12-26,2.74,2.76,2.83,2.62,425687.0,1157977776.0
2014-12-29,2.77,2.79,3.03,2.7,428658.0,1189501008.0
2014-12-30,2.77,2.64,2.88,2.61,335703.0,908409600.0
2014-12-31,2.69,2.77,2.84,2.65,297443.0,810136784.0
2015-01-05,2.84,3.24,3.34,2.8,704953.0,2026692544.0
2015-01-06,3.17,3.43,3.74,3.1,730587.0,2193695760.0
2015-01-07,3.49,3.41,3.59,3.23,434867.0,1293941696.0
2015-01-08,3.41,3.17,3.43,3.15,352991.0,1028747872.0
2015-01-09,3.13,3.11,3.39,3.07,374594.0,1094791984.0
2015-01-12,3.07,2.94,3.07,2.81,346695.0,968280928.0
2015-01-13,2.94,2.98,3.06,2.89,201572.0,568034832.0
2015-01-14,2.98,2.87,3.03,2.82,232199.0,646084128.0
2015-01-15,2.87,3.12,3.13,2.78,272466.0,765095456.0
2015-01-16,3.13,3.1,3.19,3.01,284198.0,812984992.0
2015-01-19,2.69,2.39,2.82,2.39,521785.0,1388430768.0
2015-01-20,2.5,2.52,2.6,2.4,297272.0,781196832.0
2015-01-21,2.53,2.79,2.81,2.48,356138.0,957744096.0
2015-01-22,2.79,2.8,2.85,2.7,225352.0,615440192.0
2015-01-23,2.82,2.71,2.87,2.69,230607.0,628649552.0
2015-01-26,2.7,2.82,2.82,2.66,197810.0,539831312.0
2015-01-27,2.84,2.78,2.91,2.67,284252.0,780278736.0
2015-01-28,2.73,2.65,2.76,2.64,213820.0,576804352.0
2015-01-29,2.6,2.51,2.61,2.47,210360.0,554263248.0
2015-01-30,2.57,2.5,2.59,2.44,156149.0,410759680.0
2015-02-02,2.41,2.41,2.51,2.36,144649.0,374784352.0
2015-02-03,2.49,2.54,2.55,2.41,145668.0,380865680.0
2015-02-04,2.54,2.55,2.69,2.54,184422.0,492099856.0
2015-02-05,2.67,2.44,2.69,2.42,158277.0,419241872.0
2015-02-06,2.43,2.31,2.49,2.28,152969.0,393982656.0
2015-02-09,2.31,2.22,2.31,2.16,155456.0,390853600.0
2015-02-10,2.22,2.34,2.35,2.19,118306.0,301046672.0
2015-02-11,2.34,2.4,2.47,2.34,103297.0,267358943.0
2015-02-12,2.43,2.42,2.45,2.35,91259.0,235830092.0
2015-02-13,2.45,2.53,2.63,2.45,174983.0,462666736.0
2015-02-16,2.53,2.63,2.66,2.51,122652.0,325725008.0
2015-02-17,2.66,2.67,2.77,2.66,155551.0,420752624.0
2015-02-25,2.71,2.59,2.72,2.58,142800.0,381827840.0
2015-02-26,2.57,2.73,2.73,2.48,236206.0,632131408.0
2015-02-27,2.73,2.67,2.76,2.65,161632.0,436281312.0
2015-03-02,2.72,2.72,2.8,2.69,256178.0,695916656.0
2015-03-03,2.74,2.51,2.75,2.51,270606.0,721175808.0
2015-03-04,2.56,2.58,2.61,2.52,169917.0,450102880.0
2015-03-05,2.57,2.46,2.58,2.4,214967.0,560784960.0
2015-03-06,2.46,2.44,2.5,2.42,119907.0,312436896.0
2015-03-09,2.39,2.53,2.53,2.28,184020.0,475023584.0
2015-03-10,2.52,2.5,2.56,2.48,135411.0,356183664.0
2015-03-11,2.52,2.52,2.58,2.5,160063.0,422317728.0
2015-03-12,2.53,2.69,2.69,2.52,259485.0,692746720.0
2015-03-13,2.71,2.65,2.74,2.63,210215.0,565747856.0
2015-03-16,2.68,2.79,2.79,2.62,322136.0,874525440.0
2015-03-17,2.82,3.11,3.13,2.78,650260.0,1832989808.0
2015-03-18,3.11,3.13,3.16,3.01,383928.0,1096243936.0
2015-03-19,3.12,3.03,3.13,2.98,322121.0,916976336.0
2015-03-20,3.04,3.07,3.14,2.96,315441.0,897544064.0
2015-03-23,3.11,3.2,3.25,3.11,381735.0,1104817680.0
2015-03-24,3.2,3.05,3.21,2.92,459460.0,1306717440.0
2015-03-25,3.05,3.46,3.59,3.0,703135.0,2099163248.0
2015-03-26,3.44,3.54,3.76,3.34,532592.0,1631819872.0
2015-03-27,3.57,3.55,3.61,3.41,354236.0,1072902736.0
2015-03-30,3.64,3.99,4.28,3.64,535549.0,1727338432.0
2015-03-31,4.19,3.76,4.25,3.72,730067.0,2328367968.0
2015-04-01,3.78,3.91,3.99,3.78,462411.0,1466777728.0
2015-04-02,3.97,3.89,4.0,3.8,391381.0,1241917920.0
2015-04-03,3.86,4.0,4.07,3.81,457624.0,1466731872.0
2015-04-07,4.07,4.22,4.35,4.07,633993.0,2101799200.0
2015-04-08,4.27,4.16,4.34,4.02,518292.0,1709385136.0
2015-04-09,4.16,4.03,4.29,3.89,527515.0,1712251632.0
2015-04-10,4.03,4.17,4.21,3.97,414779.0,1357292784.0
2015-04-13,4.22,4.69,4.82,4.12,772474.0,2619158624.0
2015-04-14,4.63,4.64,4.88,4.52,577733.0,2026252544.0
2015-04-15,4.62,4.25,4.62,4.22,501385.0,1691651568.0
2015-04-16,4.22,4.32,4.5,4.03,467577.0,1558361008.0
2015-04-17,4.39,4.59,4.73,4.36,695444.0,2383092736.0
2015-04-20,4.62,4.36,4.85,4.32,790176.0,2721065712.0
2015-04-21,4.36,4.58,4.59,4.36,453260.0,1549517824.0
2015-04-22,4.67,4.73,4.81,4.59,610594.0,2137718432.0
2015-04-23,4.77,4.59,4.79,4.53,525400.0,1824863120.0
2015-04-24,4.44,4.35,4.51,4.23,519379.0,1751431776.0
2015-04-27,4.38,4.46,4.56,4.38,456778.0,1555257808.0
2015-04-28,4.45,4.12,4.45,4.07,526121.0,1743248144.0
2015-04-29,3.94,3.98,4.03,3.69,468700.0,1494966880.0
2015-04-30,3.98,3.82,4.09,3.8,492830.0,1567290832.0
2015-05-04,3.81,3.89,3.96,3.77,335392.0,1064146320.0
2015-05-05,3.88,3.45,3.88,3.43,582824.0,1790104416.0
2015-05-06,3.5,3.35,3.61,3.31,427718.0,1290855808.0
2015-05-07,3.36,3.49,3.56,3.36,328539.0,987889728.0
2015-05-08,3.53,3.53,3.58,3.41,486142.0,1468592960.0
2015-05-11,3.59,3.73,3.74,3.53,615510.0,1891112032.0
2015-05-12,3.73,3.7,3.73,3.6,425456.0,1316341776.0
2015-05-13,3.7,3.7,3.76,3.63,412361.0,1275551296.0
2015-05-14,3.7,3.58,3.74,3.53,357679.0,1096401040.0
2015-05-15,3.53,3.35,3.53,3.31,427083.0,1271198816.0
2015-05-18,3.32,3.36,3.49,3.26,301126.0,898826624.0
2015-05-19,3.4,3.72,3.73,3.4,539724.0,1659052608.0
2015-05-20,3.74,3.75,3.91,3.72,576633.0,1817275200.0
2015-05-21,3.75,3.92,3.94,3.69,494657.0,1562022288.0
2015-05-22,3.95,4.12,4.16,3.95,620640.0,2017939584.0
2015-05-25,4.12,4.27,4.32,4.12,595265.0,1977855552.0
2015-05-26,4.32,4.33,4.36,4.14,706056.0,2351447792.0
2015-05-27,4.34,4.16,4.36,4.11,661703.0,2185095632.0
2015-05-28,4.17,3.71,4.36,3.7,784435.0,2563413680.0
2015-05-29,3.71,3.64,3.83,3.37,501650.0,1542369040.0
2015-06-01,3.66,4.0,4.02,3.66,445764.0,1415758080.0
2015-06-02,4.19,4.8,4.8,4.14,1258648.0,4379689984.0
2015-06-03,5.05,4.79,5.11,4.61,1048817.0,3740479104.0
2015-06-04,4.79,4.63,4.79,4.01,692564.0,2367164528.0
2015-06-05,4.68,4.8,5.05,4.63,825735.0,2931696800.0
2015-06-08,4.8,4.84,4.94,4.47,815656.0,2863813808.0
2015-06-09,4.82,5.03,5.14,4.64,989639.0,3569980208.0
2015-06-10,4.89,4.85,5.02,4.76,661791.0,2369738752.0
2015-06-11,4.82,4.79,4.82,4.65,570014.0,2001537920.0
2015-06-12,4.79,4.9,4.98,4.7,736520.0,2628771536.0
2015-06-15,4.95,5.13,5.32,4.84,1041423.0,3802364320.0
2015-06-16,4.99,4.66,5.07,4.6,702164.0,2497549472.0
2015-06-17,4.63,4.72,4.79,4.28,515043.0,1779517936.0
2015-06-18,4.69,4.24,4.73,4.2,451404.0,1548289088.0
2015-06-19,4.14,3.66,4.29,3.64,467734.0,1503001424.0
2015-06-23,3.7,4.06,4.06,3.57,496133.0,1571743568.0
2015-06-24,4.11,4.22,4.27,4.04,495920.0,1628612960.0
2015-06-25,4.29,3.87,4.31,3.73,443810.0,1445788688.0
2015-06-26,3.69,3.21,3.81,3.08,654864.0,1959410976.0
2015-06-29,3.48,3.16,3.59,2.52,610188.0,1768873472.0
2015-06-30,3.17,3.86,3.87,2.81,621250.0,1852662832.0
2015-07-01,3.82,3.44,4.02,3.42,518366.0,1612385824.0
2015-07-02,3.45,2.9,3.61,2.82,478263.0,1391130400.0
2015-07-03,2.82,2.2,3.06,2.2,603204.0,1583115232.0
2015-07-06,2.82,2.09,2.82,1.64,691947.0,1737726832.0
2015-07-07,1.89,1.64,1.97,1.48,956073.0,2197518960.0
2015-07-08,1.07,1.07,1.24,1.07,814013.0,1677034016.0
2015-07-09,1.07,1.58,1.58,0.7,558019.0,1207045680.0
2015-07-10,1.8,2.15,2.15,1.8,458491.0,1124825152.0
2015-07-13,2.39,2.77,2.77,2.27,706910.0,1869288048.0
2015-07-14,2.69,2.5,3.02,2.44,649956.0,1747616064.0
2015-07-15,2.19,1.85,2.31,1.85,544654.0,1325554752.0
2015-07-16,1.47,1.83,2.07,1.46,406824.0,950346800.0
2015-07-17,1.83,2.14,2.23,1.78,404426.0,986252448.0
2015-07-20,2.09,2.08,2.29,1.99,405845.0,1004941600.0
2015-07-21,1.99,2.17,2.22,1.95,348769.0,860502176.0
2015-07-22,2.19,2.17,2.34,2.02,416266.0,1038408912.0
2015-07-23,2.16,2.3,2.32,2.05,483058.0,1211704064.0
2015-07-24,2.31,2.25,2.47,2.21,601731.0,1543830928.0
2015-07-27,2.14,1.62,2.21,1.62,516002.0,1238461472.0
2015-07-28,1.5,1.49,1.78,1.06,393995.0,862934976.0
2015-07-29,1.54,1.74,1.75,1.38,248759.0,557874496.0
2015-07-30,1.78,1.58,1.81,1.57,261109.0,603553216.0
2015-07-31,1.52,1.56,1.74,1.47,220189.0,499244592.0
2015-08-03,1.54,1.39,1.54,1.32,203449.0,444564752.0
2015-08-04,1.47,1.7,1.72,1.44,233260.0,527017888.0
2015-08-05,1.7,1.67,1.88,1.64,234633.0,544561584.0
2015-08-06,1.58,1.63,1.72,1.54,159422.0,362167696.0
2015-08-07,1.69,1.75,1.77,1.66,190651.0,441029824.0
2015-08-10,1.78,1.99,2.03,1.76,331711.0,790868512.0
2015-08-11,1.99,2.04,2.18,1.95,328159.0,803214064.0
2015-08-12,1.97,2.36,2.65,1.95,545752.0,1395625488.0
2015-08-13,2.33,2.35,2.37,2.11,450572.0,1135565456.0
2015-08-14,2.39,2.33,2.41,2.25,293067.0,750685296.0
2015-08-17,2.32,2.44,2.48,2.29,274089.0,708627504.0
2015-08-18,2.47,1.89,2.5,1.84,389811.0,974211696.0
2015-08-19,1.82,2.06,2.08,1.66,287058.0,685580256.0
2015-08-20,1.98,1.93,2.23,1.91,363894.0,441296672.0
2015-08-21,1.88,1.4,1.92,1.39,414184.0,465944688.0
2015-08-24,1.21,0.86,1.21,0.86,406487.0,400189216.0
2015-08-25,0.37,0.37,0.61,0.37,717018.0,632445680.0
2015-08-26,0.4,0.09,0.58,0.02,568685.0,498606864.0
2015-08-27,0.1,0.32,0.33,0.02,470361.0,396860992.0
2015-08-28,0.38,0.62,0.66,0.34,563457.0,506137744.0
2015-08-31,0.61,0.69,0.69,0.38,520103.0,472623056.0
2015-09-01,0.6,0.75,0.77,0.34,736302.0,675101856.0
2015-09-02,0.51,0.98,1.05,0.47,926057.0,897359936.0
2015-09-07,1.03,0.83,1.22,0.8,564714.0,569496160.0
2015-09-08,0.77,0.91,0.97,0.57,389118.0,371870864.0
2015-09-09,0.92,1.0,1.03,0.9,497968.0,497011856.0
2015-09-10,0.93,0.8,0.97,0.78,277442.0,271692416.0
2015-09-11,0.77,0.76,0.86,0.69,200254.0,192022197.0
2015-09-14,0.77,0.39,0.87,0.33,355629.0,328608592.0
2015-09-15,0.12,0.17,0.4,0.12,282004.0,239656582.0
2015-09-16,0.28,0.52,0.58,0.2,293094.0,256790282.0
2015-09-17,0.51,0.37,0.59,0.37,304308.0,274178240.0
2015-09-18,0.41,0.4,0.45,0.34,163779.0,144900025.0
2015-09-21,0.37,0.5,0.52,0.31,207293.0,184548209.0
2015-09-22,0.5,0.56,0.61,0.47,287991.0,262585198.0
2015-09-23,0.5,0.42,0.52,0.39,218584.0,195758238.0
2015-09-24,0.45,0.45,0.49,0.41,146922.0,131112763.0
2015-09-25,0.45,0.26,0.45,0.22,223032.0,193673448.0
2015-09-28,0.29,0.32,0.35,0.25,105908.0,91615226.0
2015-09-29,0.27,0.19,0.27,0.18,138263.0,117080565.0
2015-09-30,0.2,0.24,0.29,0.2,106366.0,90739901.0
2015-10-08,0.53,0.4,0.53,0.38,215274.0,191577431.0
2015-10-09,0.41,0.45,0.47,0.38,221963.0,197480762.0
2015-10-12,0.47,0.67,0.71,0.46,433343.0,400559936.0
2015-10-13,0.63,0.64,0.67,0.59,290305.0,269865264.0
2015-10-14,0.61,0.56,0.67,0.55,296611.0,274642816.0
2015-10-15,0.56,0.67,0.67,0.54,359773.0,333606800.0
2015-10-16,0.69,0.74,0.77,0.63,461063.0,435324896.0
2015-10-19,0.75,0.71,0.77,0.66,373255.0,353361520.0
2015-10-20,0.72,0.77,0.77,0.69,340659.0,320710864.0
2015-10-21,0.78,0.44,0.78,0.38,492656.0,451332336.0
2015-10-22,0.44,0.54,0.55,0.39,291632.0,259262309.0
2015-10-23,0.56,0.59,0.62,0.5,352383.0,318750720.0
2015-10-26,0.65,0.68,0.72,0.6,407357.0,376518880.0
2015-10-27,0.65,0.64,0.66,0.49,290142.0,264125179.0
2015-10-28,0.62,0.55,0.68,0.53,287091.0,261937237.0
2015-10-29,0.58,0.56,0.59,0.52,220616.0,199877442.0
2015-10-30,0.57,0.53,0.58,0.47,239410.0,215396480.0
2015-11-02,0.47,0.47,0.53,0.43,212791.0,189461975.0
2015-11-03,0.49,0.48,0.52,0.46,154870.0,138088629.0
2015-11-04,0.5,0.71,0.71,0.48,545678.0,501952816.0
2015-11-05,0.71,0.8,0.92,0.68,777558.0,738798736.0
2015-11-06,0.8,0.85,0.88,0.75,539064.0,516780320.0
2015-11-09,0.81,1.12,1.26,0.78,876702.0,880105904.0
2015-11-10,1.06,1.11,1.16,0.98,618165.0,621731264.0
2015-11-11,1.08,1.08,1.11,1.01,375515.0,377773424.0
2015-11-12,1.07,0.99,1.09,0.95,405574.0,403640880.0
2015-11-13,0.96,0.99,1.12,0.93,408937.0,408521952.0
2015-11-16,0.94,1.12,1.12,0.89,330925.0,328763328.0
2015-11-17,1.16,1.2,1.35,1.15,658549.0,687947728.0
2015-11-18,1.2,1.06,1.24,1.03,329934.0,336226864.0
2015-11-19,1.08,1.11,1.13,1.03,267202.0,269574608.0
2015-11-20,1.11,1.26,1.36,1.07,569165.0,589193536.0
2015-11-23,1.27,1.2,1.36,1.18,446496.0,467798720.0
2015-11-24,1.2,1.14,1.22,1.06,304438.0,309461504.0
2015-11-25,1.14,1.19,1.24,1.1,299246.0,308202048.0
2015-11-26,1.2,1.11,1.23,1.09,306432.0,314100832.0
2015-11-27,1.1,0.77,1.1,0.7,439375.0,433024288.0
2015-11-30,0.76,0.72,0.87,0.54,283686.0,265748171.0
2015-12-01,0.73,0.8,0.84,0.69,224909.0,213007129.0
2015-12-02,0.81,1.0,1.01,0.75,318701.0,311679520.0
2015-12-03,0.98,0.99,1.0,0.93,227675.0,224939166.0
2015-12-04,0.96,0.89,0.98,0.84,246058.0,240174414.0
2015-12-07,0.89,1.11,1.13,0.86,335199.0,332902480.0
2015-12-08,1.13,0.97,1.21,0.96,433213.0,436967168.0
2015-12-09,0.98,0.89,0.98,0.84,212306.0,206187140.0
2015-12-10,0.88,0.82,0.93,0.81,180242.0,173930287.0
2015-12-11,0.79,0.83,0.87,0.76,136194.0,130001420.0
2015-12-14,0.81,0.94,0.94,0.78,202871.0,195891233.0
2015-12-15,0.93,0.94,0.98,0.88,221699.0,216856582.0
2015-12-16,0.96,0.89,0.96,0.89,158713.0,155496010.0
2015-12-17,0.91,0.98,1.01,0.91,269869.0,266454599.0
2015-12-18,0.98,0.93,1.0,0.9,226558.0,222749933.0
2015-12-21,0.92,1.11,1.11,0.9,473904.0,474284608.0
2015-12-22,1.12,1.08,1.13,1.04,325308.0,327823440.0
2015-12-23,1.08,0.97,1.11,0.94,441382.0,441309760.0
2015-12-24,0.97,1.01,1.05,0.94,336200.0,334172416.0
2015-12-25,1.02,1.01,1.05,0.98,249988.0,248354361.0
2015-12-28,1.02,0.89,1.05,0.89,327433.0,323971360.0
2015-12-29,0.88,0.93,0.94,0.86,155753.0,151783639.0
2015-12-30,0.95,0.92,0.96,0.88,171587.0,167702225.0
2015-12-31,0.91,0.86,0.94,0.86,167305.0,162511511.0
2016-01-04,0.87,0.53,0.9,0.49,234544.0,219521371.0
2016-01-05,0.31,0.47,0.61,0.31,304026.0,269636240.0
2016-01-06,0.51,0.63,0.66,0.47,244638.0,221743413.0
2016-01-07,0.57,0.23,0.57,0.21,77298.0,67155762.0
2016-01-08,0.38,0.36,0.43,0.16,272891.0,235455458.0
2016-01-11,0.3,0.2,0.44,0.19,248141.0,212782516.0
2016-01-12,0.23,0.23,0.28,0.15,175059.0,146824184.0
2016-01-13,0.26,0.17,0.3,0.16,147124.0,123744057.0
2016-01-14,0.08,0.22,0.24,0.05,227258.0,187859465.0
2016-01-15,0.19,0.09,0.22,0.06,193158.0,158274262.0
2016-01-18,0.01,0.07,0.12,0.0,187896.0,151537754.0
2016-01-19,0.08,0.19,0.21,0.06,186312.0,153255602.0
2016-01-20,0.18,0.12,0.19,0.09,146144.0,120010365.0
2016-01-21,0.08,0.0,0.15,0.0,173220.0,140029220.0
2016-01-22,0.03,0.05,0.07,-0.02,122061.0,97534647.0
2016-01-25,0.07,0.09,0.11,0.05,122215.0,98832044.0
2016-01-26,0.06,-0.04,0.15,-0.22,243379.0,193697563.0
2016-01-27,-0.04,-0.14,-0.01,-0.27,254376.0,194142078.0
2016-01-28,-0.15,-0.42,-0.11,-0.47,206775.0,154041759.0
2016-01-29,-0.42,-0.35,-0.33,-0.46,439589.0,314489888.0
2016-02-01,-0.38,-0.42,-0.37,-0.47,266577.0,189290326.0
2016-02-02,-0.42,-0.36,-0.34,-0.43,199754.0,143686325.0
2016-02-03,-0.4,-0.39,-0.37,-0.44,149158.0,106054774.0
2016-02-04,-0.38,-0.35,-0.34,-0.39,180195.0,130150883.0
2016-02-05,-0.34,-0.38,-0.33,-0.39,138159.0,99641720.0
2016-02-15,-0.47,-0.42,-0.4,-0.49,156369.0,110123054.0
2016-02-16,-0.39,-0.28,-0.28,-0.39,254592.0,185759471.0
2016-02-17,-0.28,-0.24,-0.24,-0.31,242621.0,179203820.0
2016-02-18,-0.22,-0.25,-0.19,-0.25,245644.0,183959384.0
2016-02-19,-0.24,-0.23,-0.21,-0.27,164533.0,122690639.0
2016-02-22,-0.2,-0.14,-0.13,-0.22,248847.0,188822542.0
2016-02-23,-0.14,0.03,0.14,-0.21,496268.0,390714576.0
2016-02-24,-0.04,-0.02,0.01,-0.1,275791.0,216679343.0
2016-02-25,-0.04,-0.37,-0.03,-0.39,311274.0,233762770.0
2016-02-26,-0.35,-0.31,-0.27,-0.37,187093.0,136367039.0
2016-02-29,-0.33,-0.41,-0.31,-0.49,215121.0,152694091.0
2016-03-01,-0.38,-0.32,-0.29,-0.41,145579.0,105207164.0
2016-03-02,-0.31,-0.16,-0.14,-0.32,234941.0,176406632.0
2016-03-03,-0.14,-0.12,-0.08,-0.19,287965.0,220368601.0
2016-03-04,0.01,0.07,0.23,0.01,954538.0,777135536.0
2016-03-07,0.09,0.07,0.22,-0.01,425018.0,344215280.0
2016-03-08,0.05,0.04,0.05,-0.09,276602.0,218545693.0
2016-03-09,-0.03,-0.06,-0.02,-0.11,176668.0,138065036.0
2016-03-10,-0.06,-0.09,0.0,-0.1,181210.0,142060469.0
2016-03-11,-0.09,-0.1,-0.07,-0.14,137312.0,106092902.0
2016-03-14,-0.05,0.04,0.06,-0.08,261783.0,208644498.0
2016-03-15,0.0,-0.01,0.06,-0.03,153156.0,121842921.0
2016-03-16,-0.01,-0.05,0.01,-0.07,143884.0,113375942.0
2016-03-17,-0.03,0.02,0.05,-0.05,202351.0,160721670.0
2016-03-18,0.02,0.09,0.11,0.01,286469.0,231561810.0
2016-03-21,0.12,0.16,0.2,0.1,377482.0,310773152.0
2016-03-22,0.14,0.17,0.25,0.13,323564.0,269823168.0
2016-03-23,0.14,0.14,0.17,0.11,203612.0,166787094.0
2016-03-24,0.12,0.03,0.12,0.02,221553.0,178943290.0
2016-03-25,0.03,0.06,0.06,0.01,141885.0,113602608.0
2016-03-28,0.07,0.01,0.1,-0.01,173215.0,139278699.0
2016-03-29,0.01,-0.01,0.03,-0.03,145401.0,115247486.0
2016-03-30,0.0,0.1,0.1,0.0,177800.0,143081538.0
2016-03-31,0.11,0.07,0.13,0.05,185437.0,150193167.0
2016-04-01,0.07,0.1,0.1,0.03,179853.0,145180718.0
2016-04-05,0.11,0.18,0.19,0.11,374878.0,309585568.0
2016-04-06,0.15,0.17,0.19,0.14,174900.0,144621543.0
2016-04-07,0.18,0.11,0.22,0.09,206122.0,170065151.0
2016-04-08,0.09,0.05,0.1,0.02,243860.0,196047175.0
2016-04-11,0.08,0.14,0.17,0.07,241429.0,198158462.0
2016-04-12,0.15,0.19,0.21,0.14,291736.0,242037554.0
2016-04-13,0.26,0.33,0.4,0.26,627655.0,542219456.0
2016-04-14,0.39,0.38,0.47,0.33,338251.0,294630976.0
2016-04-15,0.38,0.35,0.44,0.34,259751.0,226194468.0
2016-04-18,0.35,0.25,0.35,0.24,219763.0,186103100.0
2016-04-19,0.28,0.32,0.32,0.23,179870.0,152986174.0
2016-04-20,0.32,0.19,0.34,0.1,270115.0,225030329.0
2016-04-21,0.17,0.15,0.23,0.14,143065.0,118860284.0
2016-04-22,0.13,0.16,0.18,0.11,108694.0,89394456.0
2016-04-25,0.14,0.08,0.14,0.01,175227.0,141493023.0
2016-04-26,0.08,0.09,0.11,0.05,110790.0,89598530.0
2016-04-27,0.1,0.09,0.14,0.09,120985.0,98726084.0
2016-04-28,0.1,0.05,0.12,0.03,138277.0,111501653.0
2016-04-29,0.04,0.05,0.08,0.03,115335.0,92897834.0
2016-05-03,0.04,0.11,0.12,0.03,211290.0,171206528.0
2016-05-04,0.09,0.15,0.21,0.08,240868.0,197786133.0
2016-05-05,0.13,0.15,0.17,0.13,144778.0,119124139.0
2016-05-06,0.15,0.04,0.17,0.04,198838.0,161588835.0
2016-05-09,0.03,-0.13,0.03,-0.15,224707.0,174507041.0
2016-05-10,-0.13,-0.14,-0.09,-0.15,108391.0,83314251.0
2016-05-11,-0.12,-0.13,-0.09,-0.16,87211.0,67027689.0
2016-05-12,-0.15,-0.11,-0.1,-0.19,91983.0,70428687.0
2016-05-13,-0.11,-0.15,-0.08,-0.18,97975.0,75252087.0
2016-05-16,-0.16,-0.09,-0.09,-0.18,98635.0,75730852.0
2016-05-17,-0.09,-0.1,-0.04,-0.13,97902.0,75952393.0
2016-05-18,-0.13,-0.13,-0.12,-0.24,208809.0,158509330.0
2016-05-19,-0.16,-0.17,-0.11,-0.17,94330.0,72124586.0
2016-05-20,-0.18,-0.16,-0.15,-0.22,62734.0,47529873.0
2016-05-23,-0.14,-0.14,-0.13,-0.16,64709.0,49524014.0
2016-05-24,-0.15,-0.18,-0.14,-0.19,75111.0,57013821.0
2016-05-25,-0.16,-0.18,-0.14,-0.19,73259.0,55671108.0
2016-05-26,-0.19,-0.14,-0.13,-0.21,111852.0,85120408.0
2016-05-27,-0.14,-0.11,-0.1,-0.17,112887.0,86806215.0
2016-05-30,-0.12,-0.11,-0.1,-0.15,70094.0,53914158.0
2016-05-31,-0.11,0.0,0.01,-0.12,159358.0,125576667.0
2016-06-01,0.0,-0.02,0.02,-0.03,117292.0,92902769.0
2016-06-02,-0.03,-0.04,-0.02,-0.06,133496.0,104842201.0
2016-06-03,-0.03,0.0,0.02,-0.06,161225.0,127380976.0
2016-06-06,0.0,-0.04,0.01,-0.05,109658.0,86259975.0
2016-06-07,-0.04,-0.06,-0.03,-0.06,85508.0,66909304.0
2016-06-08,-0.06,-0.09,-0.06,-0.1,114636.0,89092799.0
2016-06-13,-0.12,-0.19,-0.11,-0.19,137346.0,104971695.0
2016-06-14,-0.19,-0.18,-0.17,-0.2,61329.0,46383261.0
2016-06-15,-0.2,-0.11,-0.1,-0.22,121750.0,93317078.0
2016-06-16,-0.1,-0.17,-0.1,-0.18,109989.0,84025263.0
2016-06-17,-0.16,-0.15,-0.12,-0.16,117887.0,90222368.0
2016-06-22,-0.02,-0.05,0.01,-0.08,392063.0,307732144.0
2016-06-23,-0.06,-0.09,-0.06,-0.12,228234.0,176708254.0
2016-06-24,-0.11,-0.14,-0.08,-0.22,198103.0,151817718.0
2016-06-27,-0.18,-0.12,-0.12,-0.18,137749.0,105451854.0
2016-06-28,-0.14,-0.01,0.01,-0.16,339388.0,264018753.0
2016-06-29,-0.04,-0.05,-0.02,-0.06,187521.0,147306954.0
2016-06-30,-0.03,-0.06,0.01,-0.07,128234.0,100343783.0
2016-07-01,-0.05,-0.04,-0.02,-0.06,163597.0,128606051.0
2016-07-04,-0.04,0.01,0.02,-0.06,217172.0,172060428.0
2016-07-05,0.01,0.05,0.1,0.0,334305.0,268850160.0
2016-07-06,0.03,0.04,0.07,-0.01,205381.0,164202495.0
2016-07-07,0.04,0.03,0.05,0.01,186921.0,149448253.0
2016-07-08,0.04,0.02,0.04,0.0,162468.0,129519521.0
2016-07-11,0.02,0.02,0.06,0.01,189728.0,151827993.0
2016-07-12,0.02,0.1,0.11,0.01,270040.0,217612348.0
2016-07-13,0.11,0.12,0.13,0.07,295456.0,240678760.0
2016-07-14,0.11,0.1,0.11,0.08,150414.0,122072647.0
2016-07-15,0.28,0.13,0.28,0.12,235266.0,193768539.0
2016-07-18,0.13,0.1,0.13,0.08,141883.0,115592827.0
2016-07-19,0.1,0.17,0.19,0.09,319074.0,263804256.0
2016-07-20,0.16,0.18,0.23,0.15,242122.0,201482614.0
2016-07-21,0.18,0.25,0.27,0.18,288585.0,242267586.0
2016-07-22,0.31,0.17,0.31,0.17,199438.0,166925712.0
2016-07-25,0.19,0.21,0.21,0.15,144953.0,120321243.0
2016-07-26,0.21,0.25,0.27,0.19,185735.0,156390863.0
2016-07-27,0.27,0.26,0.36,0.16,538622.0,457811040.0
2016-07-28,0.24,0.43,0.48,0.22,674213.0,589267888.0
2016-07-29,0.46,0.46,0.57,0.37,449218.0,395007632.0
2016-08-01,0.45,0.4,0.55,0.39,412657.0,361741536.0
2016-08-02,0.38,0.51,0.52,0.35,347725.0,302760768.0
2016-08-03,0.55,0.7,0.75,0.49,732694.0,672583808.0
2016-08-04,0.68,0.7,0.81,0.62,440139.0,407698288.0
2016-08-05,0.73,0.67,0.73,0.64,240695.0,220548375.0
2016-08-08,0.65,0.7,0.73,0.65,229447.0,210622892.0
2016-08-09,0.69,0.63,0.7,0.59,297772.0,270367152.0
2016-08-10,0.63,0.64,0.68,0.6,234448.0,213980646.0
2016-08-11,0.64,0.61,0.77,0.6,287304.0,263718859.0
2016-08-12,0.61,0.55,0.63,0.49,349575.0,311633872.0
2016-08-15,0.54,0.65,0.71,0.53,373702.0,340539152.0
2016-08-16,0.67,0.67,0.76,0.62,465603.0,428278976.0
2016-08-17,0.72,0.61,0.72,0.6,364120.0,332190640.0
2016-08-18,0.61,0.55,0.62,0.53,260390.0,234064442.0
2016-08-19,0.55,0.59,0.62,0.55,160358.0,144537157.0
2016-08-22,0.59,0.49,0.6,0.49,190618.0,169667291.0
2016-08-23,0.49,0.51,0.52,0.47,151636.0,133814837.0
2016-08-24,0.5,0.52,0.54,0.49,105436.0,93493658.0
2016-08-25,0.51,0.52,0.52,0.45,162927.0,143192279.0
2016-08-26,0.51,0.51,0.56,0.49,167108.0,148671651.0
2016-08-29,0.56,0.53,0.57,0.52,127526.0,113579151.0
2016-08-30,0.53,0.52,0.56,0.5,129352.0,114732174.0
2016-08-31,0.53,0.51,0.56,0.5,142578.0,126727778.0
2016-09-01,0.53,0.46,0.53,0.45,173133.0,153137040.0
2016-09-02,0.45,0.38,0.48,0.37,219779.0,190700976.0
2016-09-05,0.39,0.51,0.56,0.39,220350.0,194734211.0
2016-09-06,0.5,0.62,0.63,0.45,314593.0,282415488.0
2016-09-07,0.63,0.66,0.77,0.61,361633.0,333807040.0
2016-09-08,0.66,0.63,0.72,0.61,193320.0,176886253.0
2016-09-09,0.63,0.64,0.7,0.63,147245.0,134842002.0
2016-09-12,0.54,0.49,0.58,0.47,223128.0,197290376.0
2016-09-13,0.49,0.51,0.52,0.47,94489.0,83444125.0
2016-09-14,0.5,0.51,0.54,0.46,109413.0,96752738.0
2016-09-19,0.53,0.53,0.62,0.52,128307.0,114939397.0
2016-09-20,0.53,0.51,0.55,0.46,140908.0,124510685.0
2016-09-21,0.49,0.58,0.6,0.49,136419.0,122190157.0
2016-09-22,0.61,0.59,0.72,0.59,236024.0,215639797.0
2016-09-23,0.61,0.61,0.65,0.59,140598.0,127653904.0
2016-09-26,0.61,0.55,0.66,0.55,177869.0,161016746.0
2016-09-27,0.57,0.6,0.6,0.5,145682.0,130617596.0
2016-09-28,0.61,0.55,0.62,0.54,107268.0,96273929.0
2016-09-29,0.55,0.56,0.59,0.52,115723.0,103664356.0
2016-09-30,0.56,0.69,0.7,0.54,235886.0,215752158.0
2016-10-10,0.78,0.74,0.83,0.7,293665.0,274392704.0
2016-10-11,0.74,0.75,0.76,0.68,200730.0,186014752.0
2016-10-12,0.72,0.67,0.73,0.65,155183.0,142944162.0
2016-10-13,0.67,0.66,0.72,0.65,118899.0,109345229.0
2016-10-14,0.66,0.73,0.73,0.66,188034.0,173697958.0
2016-10-17,0.75,0.66,0.78,0.65,174554.0,161482063.0
2016-10-18,0.66,0.72,0.72,0.64,169861.0,156286912.0
2016-10-19,0.72,0.71,0.74,0.69,130978.0,121234522.0
2016-10-20,0.72,0.69,0.73,0.67,113448.0,103543873.0
2016-10-21,0.69,0.7,0.73,0.65,147347.0,134257037.0
2016-10-24,0.72,0.8,0.81,0.68,237361.0,220347741.0
2016-10-25,0.83,1.08,1.09,0.83,801696.0,776793728.0
2016-10-26,1.03,1.07,1.11,0.97,432057.0,423894624.0
2016-10-27,1.07,1.08,1.1,0.99,244678.0,240557768.0
2016-10-28,1.1,0.9,1.12,0.89,346362.0,335532224.0
2016-10-31,0.89,0.91,0.98,0.88,204079.0,195163417.0
2016-11-01,0.92,0.98,0.99,0.9,196185.0,189568380.0
2016-11-02,0.97,1.05,1.1,0.94,375394.0,370475568.0
2016-11-03,1.04,1.18,1.23,1.01,430928.0,434268224.0
2016-11-04,1.16,1.21,1.26,1.11,364369.0,367487136.0
2016-11-07,1.25,1.18,1.28,1.15,282761.0,286851104.0
2016-11-08,1.22,1.22,1.26,1.15,229113.0,231867985.0
2016-11-09,1.22,1.14,1.25,1.07,320869.0,322072144.0
2016-11-10,1.2,1.37,1.39,1.18,597101.0,618149744.0
2016-11-11,1.41,1.35,1.41,1.31,371512.0,388587856.0
2016-11-14,1.36,1.38,1.42,1.25,419111.0,435144928.0
2016-11-15,1.33,1.26,1.36,1.25,290229.0,299289168.0
2016-11-16,1.26,1.18,1.3,1.16,349533.0,354650912.0
2016-11-17,1.2,1.22,1.26,1.16,214769.0,217692598.0
2016-11-18,1.23,1.12,1.25,1.11,261987.0,263208431.0
2016-11-21,1.11,1.16,1.18,1.07,222450.0,222373714.0
2016-11-22,1.19,1.25,1.28,1.16,234216.0,238343065.0
2016-11-23,1.26,1.17,1.28,1.16,189905.0,192538223.0
2016-11-24,1.16,1.11,1.17,1.1,259126.0,258858228.0
2016-11-25,1.09,1.15,1.15,1.07,209956.0,208805551.0
2016-11-28,1.2,1.24,1.27,1.15,345561.0,351327968.0
2016-11-29,1.23,1.22,1.31,1.2,365715.0,374888544.0
2016-11-30,1.21,1.23,1.26,1.16,255095.0,258841437.0
2016-12-01,1.27,1.67,1.74,1.25,1107915.0,1201601936.0
2016-12-02,1.63,1.7,1.92,1.61,1041583.0,1169328736.0
2016-12-05,1.62,1.65,1.87,1.57,622433.0,694860624.0
2016-12-06,1.65,1.69,1.82,1.62,423196.0,471263216.0
2016-12-07,1.73,1.68,1.75,1.61,384682.0,424679984.0
2016-12-08,1.67,1.55,1.72,1.51,419249.0,458187968.0
2016-12-09,1.53,1.51,1.56,1.46,283622.0,304669696.0
2016-12-12,1.51,1.16,1.56,1.16,532287.0,554269776.0
2016-12-13,1.16,1.21,1.25,1.12,295784.0,299526080.0
2016-12-14,1.23,1.24,1.34,1.21,277118.0,285014464.0
2016-12-15,1.23,1.17,1.26,1.14,283678.0,286982256.0
2016-12-16,1.21,1.17,1.24,1.15,188005.0,190110022.0
2016-12-19,1.2,1.17,1.2,1.09,139712.0,139993581.0
2016-12-20,1.15,1.08,1.17,1.08,171370.0,170664702.0
2016-12-21,1.11,1.22,1.22,1.11,215470.0,217894577.0
2016-12-22,1.27,1.27,1.3,1.19,194963.0,199824458.0
2016-12-23,1.29,1.2,1.29,1.2,132002.0,134554388.0
2016-12-26,1.2,1.13,1.22,1.04,233319.0,231515803.0
2016-12-27,1.13,1.18,1.2,1.09,152256.0,153376302.0
2016-12-28,1.19,1.19,1.23,1.16,104874.0,106224156.0
2016-12-29,1.18,1.19,1.21,1.14,110167.0,110997484.0
2016-12-30,1.2,1.11,1.21,1.09,169161.0,168976835.0
2017-01-03,1.11,1.12,1.18,1.11,129825.0,130069694.0
2017-01-04,1.14,1.28,1.28,1.14,278104.0,283732608.0
2017-01-05,1.28,1.3,1.3,1.24,200138.0,205701273.0
2017-01-06,1.31,1.28,1.36,1.21,182182.0,187674524.0
2017-01-09,1.27,1.34,1.34,1.24,173526.0,179447473.0
2017-01-10,1.32,1.42,1.44,1.31,275442.0,290064912.0
2017-01-11,1.43,1.39,1.46,1.37,202243.0,213546347.0
2017-01-12,1.39,1.28,1.47,1.26,172970.0,180791828.0
2017-01-13,1.28,1.37,1.38,1.25,167280.0,173857383.0
2017-01-16,1.37,1.3,1.39,1.15,229745.0,236435153.0
2017-01-17,1.29,1.24,1.31,1.18,196079.0,200160919.0
2017-01-18,1.29,1.36,1.37,1.28,251180.0,260826650.0
2017-01-19,1.34,1.51,1.56,1.34,385467.0,412942048.0
2017-01-20,1.49,1.51,1.6,1.44,239398.0,259290915.0
2017-01-23,1.51,1.61,1.64,1.51,226712.0,247533075.0
2017-01-24,1.63,1.68,1.72,1.61,301770.0,334223840.0
2017-01-25,1.73,1.71,1.76,1.64,217791.0,242371401.0
2017-01-26,1.71,1.69,1.73,1.65,134494.0,149266345.0
2017-02-03,1.69,1.69,1.7,1.6,148605.0,164054216.0
2017-02-06,1.7,1.72,1.75,1.67,145886.0,162722884.0
2017-02-07,1.76,1.92,1.92,1.75,422682.0,484367408.0
2017-02-08,1.94,1.95,1.96,1.81,284609.0,327689136.0
2017-02-09,1.9,1.93,2.07,1.9,248832.0,291452464.0
2017-02-10,1.91,2.01,2.11,1.89,338769.0,398080016.0
2017-02-13,2.01,2.08,2.12,1.97,287633.0,341349744.0
2017-02-14,2.08,1.99,2.08,1.91,335249.0,391037200.0
2017-02-15,2.0,1.91,2.0,1.88,201957.0,234070958.0
2017-02-16,1.93,1.97,2.04,1.87,224155.0,261062085.0
2017-02-17,1.96,1.78,1.99,1.76,243035.0,277218320.0
2017-02-20,1.81,1.86,1.87,1.78,296484.0,337410272.0
2017-02-21,1.86,1.87,1.94,1.83,194353.0,223557342.0
2017-02-22,1.87,1.94,1.95,1.83,277046.0,319377952.0
2017-02-23,1.97,1.85,1.97,1.79,286500.0,327496320.0
2017-02-24,1.82,1.74,1.82,1.69,296344.0,331968640.0
2017-02-27,1.73,1.73,1.78,1.69,193532.0,217199117.0
2017-02-28,1.73,1.77,1.79,1.72,150705.0,169678580.0
2017-03-01,1.76,1.88,1.9,1.76,299736.0,343563328.0
2017-03-02,1.89,1.82,1.91,1.8,165203.0,188552288.0
2017-03-03,1.88,1.88,1.94,1.83,326368.0,374696464.0
2017-03-06,1.88,1.95,1.98,1.88,289269.0,336182864.0
2017-03-07,1.95,1.94,1.96,1.83,221786.0,255671996.0
2017-03-08,1.92,1.91,1.95,1.88,141321.0,163105857.0
2017-03-09,1.88,1.71,1.89,1.7,296766.0,334218240.0
2017-03-10,1.73,1.69,1.75,1.61,258625.0,286478912.0
2017-03-13,1.71,1.78,1.8,1.64,243739.0,272977488.0
2017-03-14,1.83,1.84,1.87,1.81,192965.0,220072904.0
2017-03-15,1.83,1.86,1.88,1.78,171490.0,196240187.0
2017-03-16,1.87,1.89,1.94,1.82,166757.0,192478215.0
2017-03-17,1.91,1.8,1.92,1.8,167884.0,192375671.0
2017-03-20,1.84,1.93,1.93,1.84,266990.0,307687264.0
2017-03-21,1.92,1.97,1.98,1.87,281128.0,326362144.0
2017-03-22,1.93,1.9,2.01,1.89,233894.0,271155120.0
2017-03-23,1.91,1.78,1.95,1.73,350523.0,399040224.0
2017-03-24,1.77,1.77,1.8,1.72,344513.0,387994416.0
2017-03-27,1.73,1.76,1.84,1.73,233737.0,264541314.0
2017-03-28,1.76,1.79,1.82,1.75,228877.0,258764664.0
2017-03-29,1.8,1.73,1.81,1.7,264649.0,296437168.0
2017-03-30,1.87,1.78,1.92,1.76,554718.0,632543776.0
2017-03-31,1.82,1.76,1.83,1.74,321085.0,362217232.0
2017-04-05,1.81,1.92,1.94,1.78,571055.0,656787552.0
2017-04-06,1.93,1.91,1.94,1.88,284288.0,328173216.0
2017-04-07,1.92,1.91,1.94,1.88,285183.0,329663040.0
2017-04-10,1.9,1.93,2.03,1.88,423950.0,495014688.0
2017-04-11,1.91,1.93,1.98,1.82,396812.0,456595072.0
2017-04-12,1.9,1.96,2.0,1.89,369931.0,430244496.0
2017-04-13,1.94,1.92,1.97,1.88,286464.0,331971184.0
2017-04-14,2.0,1.97,2.07,1.97,558594.0,656654608.0
2017-04-17,1.98,2.06,2.1,1.95,449960.0,531474608.0
2017-04-18,2.05,1.97,2.08,1.96,359522.0,424006576.0
2017-04-19,1.94,1.83,1.95,1.76,421209.0,479877312.0
2017-04-20,1.8,1.91,1.92,1.78,310905.0,356253008.0
2017-04-21,1.91,1.89,1.94,1.84,218104.0,250757775.0
2017-04-24,1.88,1.63,1.88,1.63,342454.0,381644368.0
2017-04-25,1.63,1.63,1.73,1.61,241141.0,267630446.0
2017-04-26,1.65,1.71,1.72,1.65,259062.0,288308864.0
2017-04-27,1.69,1.72,1.73,1.61,238183.0,263635793.0
2017-04-28,1.74,1.74,1.79,1.69,234516.0,263097209.0
2017-05-02,1.75,1.71,1.77,1.7,221991.0,248374425.0
2017-05-03,1.71,1.66,1.71,1.64,249561.0,276877392.0
2017-05-04,1.65,1.63,1.67,1.59,228636.0,251079284.0
2017-05-05,1.61,1.45,1.63,1.43,332803.0,357117664.0
2017-05-08,1.44,1.32,1.44,1.32,227875.0,238968017.0
2017-05-09,1.32,1.42,1.43,1.27,181615.0,190673430.0
2017-05-10,1.45,1.36,1.51,1.36,225612.0,240423990.0
2017-05-11,1.34,1.48,1.49,1.34,233312.0,246990108.0
2017-05-12,1.51,1.47,1.51,1.44,160147.0,171255407.0
2017-05-15,1.5,1.52,1.55,1.5,186146.0,200808332.0
2017-05-16,1.53,1.64,1.64,1.47,254175.0,275666368.0
2017-05-17,1.67,1.64,1.69,1.63,210063.0,232283125.0
2017-05-18,1.59,1.66,1.7,1.57,197054.0,217879747.0
2017-05-19,1.64,1.63,1.69,1.59,154349.0,169821024.0
2017-05-22,1.61,1.59,1.65,1.56,148750.0,163032909.0
2017-05-23,1.58,1.5,1.61,1.47,221336.0,239319363.0
2017-05-24,1.48,1.54,1.55,1.44,211487.0,226883208.0
2017-05-25,1.53,1.69,1.69,1.5,283085.0,310497344.0
2017-05-26,1.67,1.73,1.76,1.66,200603.0,224605376.0
2017-05-31,1.76,1.71,1.82,1.7,209068.0,235191338.0
2017-06-01,1.7,1.68,1.74,1.67,195840.0,218194994.0
2017-06-02,1.69,1.85,1.86,1.68,353508.0,400048528.0
2017-06-05,1.87,1.87,1.91,1.82,229954.0,263868583.0
2017-06-06,1.84,1.74,1.84,1.69,355971.0,399608432.0
2017-06-07,1.75,1.82,1.84,1.73,258324.0,292248352.0
2017-06-08,1.82,1.84,1.86,1.77,298566.0,338768256.0
2017-06-09,1.83,1.93,1.94,1.8,405207.0,466637104.0
2017-06-12,1.92,2.03,2.07,1.86,520443.0,609383872.0
2017-06-13,2.01,2.03,2.07,1.96,351154.0,413554176.0
2017-06-14,2.03,1.95,2.07,1.91,344092.0,402294736.0
2017-06-15,1.95,1.94,1.97,1.91,270048.0,313350784.0
2017-06-16,1.94,1.88,1.97,1.86,234286.0,270940864.0
2017-06-19,1.89,2.04,2.04,1.87,319825.0,373577600.0
2017-06-20,2.06,2.08,2.16,2.05,437958.0,522151952.0
2017-06-21,2.11,2.16,2.16,2.05,306497.0,365664672.0
2017-06-22,2.16,2.17,2.33,2.14,633377.0,775909760.0
2017-06-23,2.19,2.29,2.29,2.11,499945.0,606569840.0
2017-06-26,2.32,2.64,2.82,2.31,1141051.0,1470755984.0
2017-06-27,2.61,2.71,2.77,2.59,720409.0,942761936.0
2017-06-28,2.66,2.73,2.91,2.63,775391.0,1029073904.0
2017-06-29,2.75,2.77,2.85,2.69,487775.0,648821664.0
2017-06-30,2.73,2.73,2.82,2.66,537807.0,707751872.0
2017-07-03,2.73,2.63,2.81,2.6,664976.0,870224832.0
2017-07-04,2.66,2.73,2.73,2.6,505730.0,660449824.0
2017-07-05,2.71,2.77,2.79,2.67,511481.0,676164672.0
2017-07-06,2.81,3.07,3.09,2.79,916907.0,1251854960.0
2017-07-07,3.01,3.01,3.07,2.95,579981.0,796364768.0
2017-07-10,3.01,3.01,3.11,2.96,504762.0,696881008.0
2017-07-11,3.02,2.68,3.02,2.68,765632.0,1029103008.0
2017-07-12,2.7,2.67,2.75,2.54,712086.0,926826128.0
2017-07-13,2.88,2.96,3.05,2.88,881089.0,1203629120.0
2017-07-14,3.04,2.99,3.08,2.95,510510.0,701604256.0
2017-07-17,3.01,3.04,3.18,2.78,823166.0,1135840368.0
2017-07-18,3.04,2.97,3.08,2.78,642099.0,872676048.0
2017-07-19,2.97,3.29,3.32,2.9,1141210.0,1608569952.0
2017-07-20,3.31,3.22,3.36,3.18,901456.0,1280119392.0
2017-07-21,3.27,3.17,3.31,3.14,1207647.0,839855808.0
2017-07-24,3.14,3.18,3.24,3.01,1394195.0,954841616.0
2017-07-25,3.18,3.04,3.2,3.0,1012667.0,689363504.0
2017-07-26,3.04,2.89,3.09,2.87,1158091.0,774661456.0
2017-07-27,2.88,2.89,2.95,2.82,657939.0,436128688.0
2017-07-28,2.87,3.05,3.09,2.87,794066.0,536618304.0
2017-07-31,3.06,3.27,3.34,3.04,1573225.0,1092300560.0
2017-08-01,3.31,3.27,3.33,3.18,936793.0,655124416.0
2017-08-02,3.27,3.25,3.4,3.24,859868.0,605683856.0
2017-08-03,3.32,3.39,3.45,3.32,1186836.0,846178944.0
2017-08-04,3.36,3.28,3.45,3.27,780545.0,553906832.0
2017-08-07,3.26,3.27,3.3,3.16,571789.0,398855264.0
2017-08-08,3.27,3.24,3.3,3.18,583128.0,406483008.0
2017-08-09,3.23,3.33,3.38,3.17,730028.0,512153008.0
2017-08-10,3.32,3.18,3.32,3.14,659783.0,458367104.0
2017-08-11,3.09,2.89,3.13,2.86,1091687.0,732777904.0
2017-08-14,2.92,3.03,3.05,2.89,530408.0,357551024.0
2017-08-15,3.03,3.01,3.1,2.96,471724.0,318466080.0
2017-08-16,3.04,2.94,3.04,2.91,412509.0,275982912.0
2017-08-17,2.95,3.0,3.04,2.93,424429.0,284678256.0
2017-08-18,2.96,3.07,3.08,2.94,501984.0,340394208.0
2017-08-21,3.06,3.17,3.18,3.04,444745.0,305962384.0
2017-08-22,3.18,3.16,3.23,3.13,447210.0,309601616.0
2017-08-23,3.16,3.08,3.18,3.07,341494.0,233652117.0
2017-08-24,3.08,3.05,3.11,3.01,336472.0,228371693.0
2017-08-25,3.03,3.17,3.2,3.02,510841.0,351383568.0
2017-08-28,3.23,3.16,3.24,3.14,608904.0,421711184.0
2017-08-29,3.15,3.16,3.22,3.14,527821.0,364814624.0
2017-08-30,3.19,3.18,3.21,3.14,399794.0,276311472.0
2017-08-31,3.33,3.46,3.62,3.31,1564189.0,1126546240.0
2017-09-01,3.46,3.51,3.56,3.42,794427.0,573994416.0
2017-09-04,3.51,3.71,3.75,3.51,1093236.0,811265696.0
2017-09-05,3.76,3.68,3.87,3.67,841825.0,632169872.0
2017-09-06,3.68,3.74,3.76,3.66,565676.0,421588064.0
2017-09-07,3.74,3.57,3.74,3.55,774578.0,569867712.0
2017-09-08,3.57,3.64,3.69,3.57,382755.0,281824480.0
2017-09-11,3.64,3.76,3.76,3.58,549425.0,406805104.0
2017-09-12,3.75,3.76,3.85,3.69,634244.0,477003440.0
2017-09-13,3.79,3.83,3.85,3.72,522412.0,393848256.0
2017-09-14,3.85,4.01,4.01,3.79,847728.0,647480928.0
2017-09-15,4.03,3.87,4.08,3.83,733222.0,559885280.0
2017-09-18,3.87,3.86,3.9,3.77,415721.0,315009776.0
2017-09-19,3.88,3.76,3.89,3.74,455009.0,342289456.0
2017-09-20,3.76,3.79,3.81,3.71,277875.0,209095345.0
2017-09-21,3.79,3.68,3.81,3.66,435267.0,325793440.0
2017-09-22,3.67,3.58,3.71,3.55,501466.0,368524704.0
2017-09-25,3.58,3.56,3.69,3.55,370337.0,271873008.0
2017-09-26,3.58,3.66,3.69,3.57,429743.0,317468112.0
2017-09-27,3.62,3.61,3.69,3.6,333951.0,246188507.0
2017-09-28,3.63,3.63,3.67,3.57,360425.0,265557448.0
2017-09-29,3.64,3.75,3.75,3.63,491637.0,366871168.0
2017-10-09,3.83,3.79,3.85,3.75,475215.0,358254000.0
2017-10-10,3.8,3.81,3.85,3.76,406268.0,306336880.0
2017-10-11,3.81,3.78,3.84,3.75,391146.0,294626368.0
2017-10-12,3.8,3.84,3.84,3.77,453990.0,342574992.0
2017-10-13,3.85,4.21,4.25,3.81,1449762.0,1136423328.0
2017-10-16,4.21,4.12,4.22,4.03,803461.0,631556832.0
2017-10-17,4.13,4.11,4.16,4.03,435691.0,340402432.0
2017-10-18,4.09,4.11,4.2,4.07,440617.0,346825920.0
2017-10-19,4.11,3.85,4.12,3.84,692859.0,532090752.0
2017-10-20,3.85,3.87,3.9,3.73,590526.0,436496720.0
2017-10-23,3.84,3.91,3.96,3.82,435413.0,325333072.0
2017-10-24,3.92,4.05,4.11,3.92,585496.0,446905936.0
2017-10-25,4.16,4.15,4.23,4.13,494070.0,383932944.0
2017-10-26,4.18,4.39,4.46,4.16,1054611.0,837172512.0
2017-10-27,4.35,4.35,4.42,4.27,623854.0,493654032.0
2017-10-30,4.35,4.42,4.53,4.31,851669.0,682407376.0
2017-10-31,4.65,4.76,4.87,4.54,1535064.0,1275270960.0
2017-11-01,4.76,5.01,5.17,4.73,1552799.0,1333277824.0
2017-11-02,5.0,5.0,5.14,4.87,1059444.0,906987248.0
2017-11-03,5.0,4.65,5.05,4.52,1467166.0,1222122656.0
2017-11-06,4.69,5.21,5.21,4.54,1631875.0,1384001088.0
2017-11-07,5.22,5.15,5.3,5.07,1092622.0,956364832.0
2017-11-08,5.15,4.99,5.25,4.96,1068603.0,930617408.0
2017-11-09,4.97,5.14,5.14,4.87,795666.0,683684912.0
2017-11-10,5.11,5.4,5.47,5.06,1454029.0,1295390832.0
2017-11-13,5.39,5.41,5.61,5.31,1277206.0,1158806176.0
2017-11-14,5.41,5.32,5.52,5.31,842895.0,756652176.0
2017-11-15,5.32,5.04,5.32,4.94,1205416.0,1046898912.0
2017-11-16,5.03,5.21,5.25,4.98,694314.0,607273728.0
2017-11-17,5.21,5.11,5.35,5.06,857707.0,753454352.0
2017-11-20,5.04,4.99,5.04,4.61,1163770.0,976739920.0
2017-11-21,4.93,5.25,5.26,4.87,1045428.0,902124368.0
2017-11-22,5.36,5.27,5.54,5.22,1182186.0,1060072272.0
2017-11-23,5.28,4.8,5.44,4.77,1127533.0,980706592.0
2017-11-24,4.81,4.91,4.93,4.61,959801.0,801960288.0
2017-11-27,4.85,4.53,4.85,4.45,963050.0,790834368.0
2017-11-28,4.48,4.6,4.66,4.44,590783.0,482459776.0
2017-11-29,4.61,4.68,4.75,4.45,774581.0,632941200.0
2017-11-30,4.65,4.55,4.74,4.52,512314.0,421097456.0
2017-12-01,4.59,4.58,4.66,4.5,385557.0,314975840.0
2017-12-04,4.51,4.19,4.56,4.15,1221313.0,970285440.0
2017-12-05,4.16,4.14,4.24,4.02,1080590.0,835683888.0
2017-12-06,4.13,4.05,4.21,3.92,799733.0,612463248.0
2017-12-07,4.07,4.0,4.15,3.98,522676.0,399687488.0
2017-12-08,3.98,4.08,4.1,3.89,535513.0,407697152.0
2017-12-11,4.08,4.22,4.23,4.06,621755.0,481508528.0
2017-12-12,4.22,4.03,4.23,4.03,480778.0,370288464.0
2017-12-13,4.02,4.08,4.09,3.96,388200.0,295234912.0
2017-12-14,4.1,4.05,4.15,4.01,393843.0,302204576.0
2017-12-15,4.01,3.87,4.05,3.84,471127.0,354831872.0
2017-12-18,3.87,4.16,4.16,3.86,660946.0,504441968.0
2017-12-19,4.14,4.37,4.42,4.09,985469.0,776617296.0
2017-12-20,4.37,4.29,4.46,4.26,618011.0,490410464.0
2017-12-21,4.29,4.52,4.61,4.24,938791.0,756750064.0
2017-12-22,4.53,4.55,4.61,4.48,540736.0,439447280.0
2017-12-25,4.56,4.54,4.63,4.47,539630.0,438344976.0
2017-12-26,4.54,4.71,4.73,4.32,788691.0,641336944.0
2017-12-27,4.64,4.67,4.9,4.62,888708.0,742551792.0
2017-12-28,4.71,4.75,4.85,4.57,794208.0,661946592.0
2017-12-29,4.73,4.75,4.82,4.71,437268.0,365525632.0
2018-01-02,4.76,5.05,5.07,4.75,972471.0,832558800.0
2018-01-03,5.08,4.97,5.18,4.96,870225.0,753036960.0
2018-01-04,4.99,5.02,5.04,4.92,574335.0,491706720.0
2018-01-05,5.1,4.89,5.11,4.89,616244.0,528221088.0
2018-01-08,4.93,5.34,5.36,4.93,1426567.0,1255870784.0
2018-01-09,5.39,5.28,5.4,5.17,942817.0,833093840.0
2018-01-10,5.3,5.33,5.35,5.16,840232.0,742515024.0
2018-01-11,5.27,5.15,5.29,5.09,655587.0,573945200.0
2018-01-12,5.11,5.08,5.2,5.06,641423.0,558402768.0
2018-01-15,5.15,5.0,5.27,4.92,925866.0,807339136.0
2018-01-16,5.0,5.41,5.49,4.96,1461271.0,1303684192.0
2018-01-17,5.41,5.49,5.5,5.28,1112221.0,998346512.0
2018-01-18,5.47,5.46,5.67,5.39,1023273.0,932000608.0
2018-01-19,5.51,5.4,5.6,5.36,631943.0,572186784.0
2018-01-22,5.37,5.51,5.53,5.25,815042.0,736101328.0
2018-01-23,5.54,5.59,5.64,5.46,1226545.0,1122780400.0
2018-01-24,5.63,5.43,5.76,5.41,1124827.0,1029975776.0
2018-01-25,5.46,5.39,5.49,5.35,801808.0,722464592.0
2018-01-26,5.39,5.37,5.43,5.29,612205.0,548066336.0
2018-01-29,5.43,5.46,5.62,5.37,1000896.0,911638000.0
2018-01-30,5.44,5.32,5.44,5.31,586983.0,525094608.0
2018-01-31,5.3,5.19,5.3,5.01,906978.0,790928672.0
2018-02-01,5.19,5.06,5.22,4.98,637992.0,553758288.0
2018-02-02,5.03,5.41,5.44,4.93,825635.0,728494992.0
2018-02-05,5.25,5.41,5.43,5.22,639678.0,570416400.0
2018-02-06,5.25,5.07,5.3,5.01,910073.0,795767504.0
2018-02-07,5.27,4.71,5.31,4.6,954846.0,819735776.0
2018-02-08,4.74,4.79,4.89,4.59,500645.0,418145888.0
2018-02-09,4.42,4.16,4.59,4.06,1032944.0,814141808.0
2018-02-12,4.24,4.37,4.45,4.14,428574.0,338919616.0
2018-02-13,4.46,4.49,4.66,4.46,433811.0,353767744.0
2018-02-14,4.52,4.6,4.62,4.51,326461.0,266805596.0
2018-02-22,4.76,4.97,5.05,4.76,769572.0,654621248.0
2018-02-23,5.0,4.93,5.03,4.86,430814.0,367802144.0
2018-02-26,5.0,5.09,5.1,4.95,515900.0,444913392.0
2018-02-27,5.13,4.83,5.16,4.82,681168.0,580460880.0
2018-02-28,4.83,4.91,4.97,4.66,486305.0,410442624.0
2018-03-01,4.79,4.91,4.96,4.76,525276.0,444598336.0
2018-03-02,4.83,4.74,4.88,4.72,479547.0,401204048.0
2018-03-05,4.75,4.61,4.83,4.58,487385.0,402619600.0
2018-03-06,4.69,4.78,4.79,4.63,414034.0,344385600.0
2018-03-07,4.79,4.67,4.83,4.65,339826.0,283560544.0
2018-03-08,4.67,4.66,4.74,4.61,396567.0,326638624.0
2018-03-09,4.74,4.7,4.76,4.64,361157.0,299273136.0
2018-03-12,4.75,4.95,4.97,4.75,722253.0,611160112.0
2018-03-13,4.95,4.84,4.98,4.83,468981.0,397090896.0
2018-03-14,4.85,4.81,4.86,4.71,425093.0,355369040.0
2018-03-15,4.77,4.89,4.94,4.74,463443.0,391325408.0
2018-03-16,4.88,4.79,4.95,4.79,320073.0,270361760.0
2018-03-19,4.79,4.72,4.82,4.69,289261.0,240940615.0
2018-03-20,4.66,4.63,4.67,4.51,405514.0,332071280.0
2018-03-21,4.65,4.54,4.68,4.52,390240.0,319632480.0
2018-03-22,4.54,4.45,4.59,4.43,351726.0,283908912.0
2018-03-23,4.16,4.37,4.37,3.97,906530.0,702134912.0
2018-03-26,4.2,4.23,4.29,4.07,417919.0,324728032.0
2018-03-27,4.34,4.53,4.55,4.3,510806.0,407040496.0
2018-03-28,4.41,4.41,4.48,4.29,409018.0,326437536.0
2018-03-29,4.63,4.66,4.79,4.56,927670.0,767954608.0
2018-03-30,4.69,4.67,4.75,4.63,437267.0,361601616.0
2018-04-02,4.7,4.83,4.89,4.68,756527.0,636097104.0
2018-04-03,4.71,4.97,4.98,4.68,782822.0,662655216.0
2018-04-04,4.99,4.98,5.21,4.95,767772.0,666483712.0
2018-04-09,4.98,4.94,5.08,4.88,517540.0,443004288.0
2018-04-10,4.92,5.0,5.04,4.88,507048.0,434061216.0
2018-04-11,5.03,4.96,5.06,4.94,333197.0,285769376.0
2018-04-12,4.94,4.84,5.06,4.78,412264.0,350369456.0
2018-04-13,4.91,5.12,5.19,4.91,1022755.0,887877024.0
2018-04-16,5.13,4.86,5.15,4.84,618955.0,529189216.0
2018-04-17,4.88,4.74,4.96,4.71,425180.0,358174736.0
2018-04-18,4.81,4.79,4.89,4.58,507084.0,422116064.0
2018-04-19,4.79,4.75,4.8,4.69,359347.0,299788096.0
2018-04-20,4.74,4.56,4.75,4.44,551631.0,449371472.0
2018-04-23,4.57,4.55,4.59,4.43,321795.0,260481028.0
2018-04-24,4.59,4.81,4.84,4.58,498280.0,416278656.0
2018-04-25,4.75,4.73,4.81,4.69,272089.0,226492672.0
2018-04-26,4.73,4.62,4.75,4.54,305426.0,250685411.0
2018-04-27,4.68,4.68,4.69,4.54,324685.0,266390977.0
2018-05-02,4.61,4.47,4.63,4.43,579287.0,469636176.0
2018-05-03,4.46,4.53,4.6,4.41,381096.0,308307792.0
2018-05-04,4.54,4.51,4.56,4.47,299735.0,243236268.0
2018-05-07,4.56,4.66,4.66,4.51,398632.0,326142608.0
2018-05-08,4.66,4.71,4.78,4.61,458949.0,381134752.0
2018-05-09,4.7,4.71,4.74,4.67,258705.0,214637064.0
2018-05-10,4.74,4.71,4.77,4.66,224951.0,186649726.0
2018-05-11,4.74,4.7,4.76,4.68,241898.0,201026889.0
2018-05-14,4.71,4.83,4.91,4.7,520411.0,438138000.0
2018-05-15,4.83,4.84,4.87,4.75,329320.0,276830160.0
2018-05-16,4.8,4.81,4.86,4.76,332916.0,279799536.0
2018-05-17,4.86,4.95,5.01,4.84,713383.0,609026688.0
2018-05-18,4.94,5.0,5.0,4.88,389753.0,332747360.0
2018-05-21,5.06,4.92,5.13,4.89,571615.0,490466992.0
2018-05-22,4.93,5.01,5.05,4.86,336022.0,287601840.0
2018-05-23,5.0,4.98,5.04,4.93,322908.0,276978192.0
2018-05-24,4.97,4.84,4.99,4.83,303065.0,256988275.0
2018-05-25,4.86,4.98,5.0,4.84,462040.0,394450464.0
2018-05-28,4.99,5.14,5.15,4.99,645207.0,560657072.0
2018-05-29,5.14,5.05,5.19,5.04,389086.0,338372960.0
2018-05-30,4.95,4.84,4.99,4.76,523198.0,442792112.0
2018-05-31,4.92,5.14,5.14,4.9,536854.0,462656960.0
2018-06-01,5.08,5.08,5.23,5.05,642802.0,560957472.0
2018-06-04,5.12,5.37,5.45,5.09,1135714.0,1013266592.0
2018-06-05,5.38,5.39,5.4,5.26,633819.0,564845648.0
2018-06-06,5.36,5.3,5.44,5.29,599677.0,536173056.0
2018-06-07,5.36,5.44,5.48,5.3,735954.0,660140944.0
2018-06-08,5.43,5.26,5.44,5.17,697237.0,617223600.0
2018-06-11,5.25,5.4,5.47,5.19,598277.0,535947920.0
2018-06-12,5.39,6.13,6.3,5.39,2995389.0,2869506448.0
2018-06-13,6.07,6.16,6.29,6.04,1669536.0,1627777072.0
2018-06-14,6.18,5.86,6.21,5.78,1466730.0,1401261824.0
2018-06-15,5.92,5.93,6.06,5.72,1249341.0,1187463568.0
2018-06-19,5.81,5.27,5.81,5.21,1525555.0,1381424112.0
2018-06-20,5.35,5.28,5.48,5.15,915869.0,817348800.0
2018-06-21,5.35,5.35,5.69,5.28,1196381.0,1085074000.0
2018-06-22,5.25,5.57,5.62,5.18,712374.0,643819744.0
2018-06-25,5.65,5.26,5.68,5.24,890071.0,798489536.0
2018-06-26,5.07,5.04,5.17,4.77,846693.0,725814560.0
2018-06-27,5.11,5.11,5.36,5.04,747813.0,656865248.0
2018-06-28,5.02,4.86,5.13,4.83,610919.0,521854656.0
2018-06-29,4.96,5.16,5.2,4.87,564983.0,489075488.0
2018-07-02,5.17,4.98,5.25,4.93,513678.0,446428480.0
2018-07-03,5.01,4.85,5.03,4.52,943982.0,783023472.0
2018-07-04,4.75,4.52,4.86,4.51,621136.0,509247008.0
2018-07-05,4.53,4.35,4.6,4.2,608727.0,485823136.0
2018-07-06,4.36,4.56,4.62,4.28,591661.0,477259296.0
2018-07-09,4.61,4.68,4.75,4.57,502151.0,415130320.0
2018-07-10,4.93,4.89,5.01,4.8,886024.0,752040832.0
2018-07-11,4.69,4.93,4.96,4.63,589705.0,498005840.0
2018-07-12,4.89,4.91,5.02,4.82,1070231.0,911348096.0
2018-07-13,4.94,4.91,4.97,4.85,530673.0,450876176.0
2018-07-16,5.07,5.06,5.19,5.03,828829.0,721664704.0
2018-07-17,5.07,5.06,5.07,4.95,327377.0,281225104.0
2018-07-18,5.07,4.92,5.13,4.9,349293.0,300438000.0
2018-07-19,4.91,4.83,4.98,4.78,306750.0,259561797.0
2018-07-20,4.81,4.91,4.96,4.66,559500.0,472602288.0
2018-07-23,4.88,4.94,4.98,4.78,612251.0,519389904.0
2018-07-24,4.91,5.23,5.41,4.91,1602785.0,1420343504.0
2018-07-25,5.31,5.29,5.35,5.2,655758.0,581620784.0
2018-07-26,5.35,5.25,5.45,5.22,562516.0,502046560.0
2018-07-27,5.29,5.05,5.31,5.02,606243.0,528812240.0
2018-07-30,5.09,5.15,5.25,5.07,490839.0,429757024.0
2018-07-31,5.21,5.19,5.21,5.08,426783.0,362026496.0
2018-08-01,5.27,5.2,5.43,5.17,591319.0,512005808.0
2018-08-02,5.12,4.67,5.14,4.6,1236515.0,996501888.0
2018-08-03,4.64,4.4,4.66,4.4,614884.0,484296640.0
2018-08-06,4.42,4.42,4.48,4.17,497427.0,383313664.0
2018-08-07,4.41,4.69,4.74,4.34,475282.0,374921936.0
2018-08-08,4.71,4.6,4.75,4.59,325561.0,261040683.0
2018-08-09,4.62,4.75,4.79,4.58,298492.0,241031022.0
2018-08-10,4.75,4.7,4.8,4.65,246886.0,198553963.0
2018-08-13,4.59,4.6,4.62,4.47,340235.0,267725045.0
2018-08-14,4.58,4.51,4.6,4.44,375134.0,294049104.0
2018-08-15,4.53,4.34,4.55,4.3,344584.0,266330254.0
2018-08-16,4.26,4.31,4.4,4.19,252253.0,193078809.0
2018-08-17,4.39,4.16,4.41,4.15,294888.0,223690203.0
2018-08-20,4.15,4.2,4.22,4.09,235599.0,176617983.0
2018-08-21,4.2,4.34,4.37,4.17,234506.0,179665032.0
2018-08-22,4.36,4.3,4.36,4.27,148282.0,113321060.0
2018-08-23,4.31,4.21,4.35,4.13,299189.0,226001948.0
2018-08-24,4.17,4.23,4.28,4.15,147836.0,111793808.0
2018-08-27,4.24,4.43,4.43,4.24,346848.0,267320035.0
2018-08-28,4.45,4.51,4.53,4.38,291292.0,227397146.0
2018-08-29,4.55,4.48,4.59,4.42,253098.0,197958183.0
2018-08-30,4.56,4.54,4.61,4.41,367710.0,288213584.0
2018-08-31,4.58,4.66,4.77,4.55,675405.0,541526480.0
2018-09-03,4.66,4.76,4.79,4.63,618523.0,500956896.0
2018-09-04,4.74,4.72,4.78,4.64,383633.0,308675568.0
2018-09-05,4.67,4.47,4.71,4.46,389780.0,307581440.0
2018-09-06,4.44,4.31,4.52,4.27,345921.0,267218382.0
2018-09-07,4.36,4.38,4.48,4.32,271357.0,210212473.0
2018-09-10,4.39,4.28,4.39,4.27,295698.0,226010082.0
2018-09-11,4.29,4.35,4.37,4.2,394816.0,302219680.0
2018-09-12,4.38,4.46,4.49,4.34,325073.0,252422350.0
2018-09-13,4.52,4.59,4.61,4.44,274022.0,215269010.0
2018-09-14,4.63,4.7,4.75,4.6,385482.0,309463984.0
2018-09-17,4.7,4.61,4.7,4.6,281252.0,224754632.0
2018-09-18,4.58,4.73,4.74,4.55,300347.0,240018259.0
2018-09-19,4.73,4.91,4.91,4.69,559958.0,458430144.0
2018-09-20,4.91,4.88,4.96,4.85,340204.0,280235840.0
2018-09-21,4.93,5.16,5.18,4.9,558300.0,468961136.0
2018-09-25,5.06,5.09,5.13,5.01,277060.0,233340598.0
2018-09-26,5.12,5.19,5.38,5.12,579726.0,498673856.0
2018-09-27,5.22,5.19,5.29,5.12,359578.0,307128384.0
2018-09-28,5.27,5.21,5.3,5.14,389772.0,333210976.0
2018-10-08,5.06,5.01,5.16,4.97,557736.0,469765232.0
2018-10-09,5.08,5.13,5.22,5.08,416721.0,354134736.0
2018-10-10,5.17,5.15,5.3,5.13,368752.0,314824144.0
2018-10-11,4.91,4.75,4.92,4.57,722234.0,584312496.0
2018-10-12,4.66,4.77,4.82,4.48,456975.0,366039264.0
2018-10-15,4.79,4.53,4.8,4.52,412007.0,328249936.0
2018-10-16,4.55,4.44,4.6,4.39,360312.0,280940704.0
2018-10-17,4.53,4.41,4.57,4.26,406022.0,313207440.0
2018-10-18,4.35,4.36,4.45,4.31,370028.0,285677440.0
2018-10-19,4.26,4.47,4.5,4.08,464931.0,355299072.0
2018-10-22,4.52,4.84,4.94,4.49,567590.0,457668656.0
2018-10-23,4.86,4.65,4.86,4.61,426500.0,335534992.0
2018-10-24,4.59,4.55,4.7,4.54,297990.0,231409885.0
2018-10-25,4.33,4.5,4.53,4.27,288889.0,218573136.0
2018-10-26,4.55,4.6,4.73,4.54,251785.0,195681424.0
2018-10-29,4.54,4.41,4.59,4.36,244934.0,186200961.0
2018-10-30,4.39,4.39,4.51,4.27,322590.0,243519895.0
2018-10-31,4.24,4.29,4.35,4.2,644002.0,478975920.0
2018-11-01,4.34,4.33,4.48,4.29,583318.0,438764576.0
2018-11-02,4.43,4.53,4.54,4.35,820966.0,624141152.0
2018-11-05,4.52,4.4,4.52,4.33,598270.0,453199072.0
2018-11-06,4.36,4.38,4.4,4.31,336629.0,252837637.0
2018-11-07,4.39,4.36,4.43,4.34,348246.0,262623844.0
2018-11-08,4.42,4.33,4.44,4.31,302878.0,227948109.0
2018-11-09,4.3,4.25,4.33,4.23,301972.0,224107010.0
2018-11-12,4.22,4.33,4.34,4.22,340820.0,253822518.0
2018-11-13,4.24,4.37,4.39,4.23,483388.0,361140064.0
2018-11-14,4.37,4.33,4.41,4.32,376673.0,283206464.0
2018-11-15,4.34,4.38,4.39,4.33,437670.0,328862448.0
2018-11-16,4.39,4.47,4.54,4.39,532880.0,405940080.0
2018-11-19,4.47,4.53,4.53,4.44,413728.0,316227296.0
2018-11-20,4.49,4.37,4.49,4.35,444436.0,336314512.0
2018-11-21,4.29,4.35,4.4,4.27,234821.0,176421577.0
2018-11-22,4.36,4.39,4.41,4.34,180078.0,135670121.0
2018-11-23,4.39,4.27,4.41,4.26,280512.0,209566235.0
2018-11-26,4.26,4.29,4.36,4.25,217397.0,162236182.0
2018-11-27,4.32,4.28,4.33,4.26,172172.0,128224966.0
2018-11-28,4.27,4.37,4.38,4.26,193784.0,145100442.0
2018-11-29,4.4,4.31,4.42,4.3,210974.0,159054376.0
2018-11-30,4.34,4.36,4.4,4.3,196124.0,147518275.0
2018-12-03,4.49,4.53,4.59,4.43,592987.0,456107680.0
2018-12-04,4.57,4.59,4.68,4.54,427816.0,332313888.0
2018-12-05,4.49,4.53,4.58,4.47,261518.0,201187699.0
2018-12-06,4.5,4.44,4.52,4.43,218263.0,166528464.0
2018-12-07,4.45,4.46,4.51,4.45,143161.0,109381499.0
2018-12-10,4.42,4.35,4.46,4.34,199021.0,150171251.0
2018-12-11,4.4,4.39,4.43,4.36,126834.0,95718845.0
2018-12-12,4.42,4.43,4.44,4.37,150209.0,113713226.0
2018-12-13,4.44,4.56,4.6,4.43,306277.0,236145678.0
2018-12-14,4.56,4.54,4.61,4.53,323456.0,250140921.0
2018-12-17,4.52,4.7,4.7,4.51,430783.0,336085392.0
2018-12-18,4.62,4.65,4.75,4.59,337936.0,264095552.0
2018-12-19,4.67,4.68,4.79,4.65,348211.0,274135392.0
2018-12-20,4.63,4.62,4.7,4.54,286352.0,222860132.0
2018-12-21,4.6,4.65,4.65,4.57,317157.0,246834230.0
2018-12-24,4.64,4.6,4.67,4.54,220556.0,171278752.0
2018-12-25,4.57,4.5,4.57,4.4,258021.0,196993020.0
2018-12-26,4.51,4.44,4.54,4.39,214945.0,163360251.0
2018-12-27,4.54,4.47,4.59,4.46,343308.0,264119309.0
2018-12-28,4.5,4.54,4.58,4.49,307626.0,236912853.0
2019-01-02,4.58,4.4,4.59,4.39,216157.0,164557628.0
2019-01-03,4.42,4.33,4.46,4.27,273008.0,205390574.0
2019-01-04,4.27,4.45,4.46,4.25,204154.0,154030303.0
2019-01-07,4.5,4.5,4.54,4.44,309964.0,236955425.0
2019-01-08,4.52,4.5,4.52,4.44,160942.0,122995784.0
2019-01-09,4.56,4.6,4.74,4.54,451730.0,354012672.0
2019-01-10,4.63,4.66,4.72,4.58,254815.0,199378024.0
2019-01-11,4.66,4.74,4.76,4.62,291779.0,229582588.0
2019-01-14,4.76,4.85,4.98,4.75,494676.0,397664992.0
2019-01-15,4.84,4.96,5.0,4.8,354261.0,286999648.0
2019-01-16,4.97,4.96,5.01,4.84,413824.0,334274656.0
2019-01-17,4.94,5.09,5.15,4.93,546508.0,450270112.0
2019-01-18,5.13,5.07,5.14,4.99,349394.0,286961664.0
2019-01-21,5.08,5.11,5.15,5.07,297216.0,245914305.0
2019-01-22,5.08,5.04,5.14,5.0,347295.0,285672960.0
2019-01-23,5.08,5.17,5.24,5.08,396777.0,330981312.0
2019-01-24,5.18,5.17,5.2,5.05,267299.0,222109195.0
2019-01-25,5.21,5.44,5.59,5.19,728065.0,625375376.0
2019-01-28,5.5,5.4,5.69,5.35,559140.0,482081296.0
2019-01-29,5.41,5.64,5.66,5.3,578192.0,501360992.0
2019-01-30,5.56,5.56,5.64,5.46,373423.0,325549872.0
2019-01-31,5.62,5.69,5.73,5.57,520768.0,458402992.0
2019-02-01,5.75,5.81,5.82,5.66,459985.0,410826976.0
2019-02-11,5.91,5.9,6.01,5.8,486140.0,439219104.0
2019-02-12,5.91,6.18,6.34,5.82,705894.0,656163712.0
2019-02-13,6.21,6.23,6.26,6.16,434510.0,406933200.0
2019-02-14,6.23,6.24,6.29,6.14,369921.0,347224512.0
2019-02-15,6.2,5.79,6.21,5.74,1003441.0,910087136.0
2019-02-18,5.86,6.56,6.68,5.86,1234951.0,1171770176.0
2019-02-19,6.56,6.45,6.72,6.35,700663.0,675695120.0
2019-02-20,6.43,6.4,6.51,6.25,632405.0,603350496.0
2019-02-21,6.34,6.38,6.48,6.29,645751.0,617315104.0
2019-02-22,6.29,6.34,6.37,6.05,694703.0,651196144.0
2019-02-25,6.34,6.76,6.9,6.34,1383987.0,1366229712.0
2019-02-26,6.74,6.44,6.75,6.43,902499.0,879126864.0
2019-02-27,6.44,6.32,6.61,6.15,773414.0,740256272.0
2019-02-28,6.34,6.4,6.41,6.26,484966.0,460824880.0
2019-03-01,6.46,6.87,6.89,6.43,1033019.0,1020149968.0
2019-03-04,6.92,7.49,7.81,6.78,1702075.0,1796992656.0
2019-03-05,7.34,7.74,7.98,7.26,1198445.0,1303406688.0
2019-03-06,7.69,7.56,7.8,7.42,1023887.0,1094977168.0
2019-03-07,7.43,7.38,7.54,7.17,999763.0,1049276496.0
2019-03-08,7.06,7.14,7.31,6.99,868054.0,894727056.0
2019-03-11,7.15,7.28,7.43,7.12,748132.0,780205904.0
2019-03-12,7.29,7.34,7.59,7.19,813938.0,856885440.0
2019-03-13,7.33,7.07,7.33,7.05,600260.0,617986624.0
2019-03-14,7.04,7.02,7.31,6.96,531467.0,546153904.0
2019-03-15,7.09,7.51,7.59,7.04,970461.0,1026105840.0
2019-03-18,7.82,8.28,8.34,7.69,1461573.0,1632601600.0
2019-03-19,8.24,8.05,8.29,7.99,879416.0,990133248.0
2019-03-20,8.1,8.58,8.88,8.1,1279594.0,1498382432.0
2019-03-21,8.5,8.6,8.67,8.31,976072.0,1138203216.0
2019-03-22,8.6,8.44,8.6,8.24,598429.0,691444448.0
2019-03-25,8.19,8.04,8.28,7.95,928107.0,1045312832.0
2019-03-26,8.17,8.08,8.38,7.98,776130.0,877208528.0
2019-03-27,8.29,8.61,8.61,8.2,1138854.0,1321935856.0
2019-03-28,8.44,8.28,8.54,8.25,615578.0,709635552.0
2019-03-29,8.28,8.69,8.88,8.09,1218954.0,1430855680.0
2019-04-01,8.87,9.02,9.19,8.82,986248.0,1198568112.0
2019-04-02,9.14,9.4,9.6,8.9,1104286.0,1373685808.0
2019-04-03,9.25,9.44,9.56,9.2,602673.0,756135232.0
2019-04-04,9.5,10.1,10.27,9.5,1143081.0,1500979776.0
2019-04-08,10.13,11.35,11.43,10.13,1844144.0,2578512656.0
2019-04-09,11.19,10.7,11.19,10.51,1640841.0,2281866368.0
2019-04-10,10.54,10.7,11.09,10.49,1222229.0,1707056112.0
2019-04-11,10.61,10.04,10.78,9.96,1212576.0,1633476368.0
2019-04-12,10.09,10.24,10.59,10.04,1016331.0,1365564432.0
2019-04-15,10.59,9.77,10.68,9.71,1446814.0,1923072704.0
2019-04-16,9.77,10.19,10.19,9.64,991673.0,1295127504.0
2019-04-17,10.17,10.8,11.24,9.99,1702402.0,2344692304.0
2019-04-18,10.79,10.33,10.79,10.26,1110975.0,1510460800.0
2019-04-19,10.22,10.62,10.83,10.18,1033159.0,1418065600.0
2019-04-22,10.69,10.24,10.73,10.05,1113010.0,1502583872.0
2019-04-23,10.14,9.94,10.17,9.79,784767.0,1029916560.0
2019-04-24,10.06,10.14,10.27,9.84,738966.0,977968368.0
2019-04-25,9.96,9.09,10.01,9.04,1544189.0,1957095568.0
2019-04-26,9.12,8.95,9.29,8.89,1158916.0,1415737776.0
2019-04-29,9.21,9.14,9.38,8.99,999370.0,1234247520.0
2019-04-30,9.19,9.19,9.32,8.99,568241.0,700555296.0
2019-05-06,8.61,8.19,8.69,7.99,1378133.0,1584884912.0
2019-05-07,8.32,8.73,8.73,8.25,1219126.0,1428943008.0
2019-05-08,8.43,8.49,8.84,8.35,840856.0,986246256.0
2019-05-09,8.35,8.22,8.58,8.19,673782.0,775197088.0
2019-05-10,8.43,8.99,9.0,8.14,1139537.0,1348846336.0
2019-05-13,8.77,8.77,9.14,8.66,826043.0,993731424.0
2019-05-14,8.63,8.64,8.9,8.57,669369.0,794297920.0
2019-05-15,8.79,8.91,9.02,8.67,785829.0,943680192.0
2019-05-16,8.92,8.83,8.92,8.72,584963.0,700367952.0
2019-05-17,8.85,8.24,8.89,8.09,890452.0,1032445040.0
2019-05-20,8.09,7.99,8.14,7.7,852569.0,941818064.0
2019-05-21,8.0,8.28,8.39,7.99,660186.0,752476688.0
2019-05-22,8.27,8.28,8.49,8.19,500518.0,575351456.0
2019-05-23,8.23,8.02,8.23,7.91,544274.0,610545008.0
2019-05-24,8.09,8.34,8.5,8.02,755157.0,863873888.0
2019-05-27,8.66,8.83,9.0,8.61,1370771.0,1639256432.0
2019-05-28,8.64,8.85,8.91,8.56,941506.0,1120730640.0
2019-05-29,8.69,8.62,8.72,8.55,646005.0,761269040.0
2019-05-30,8.62,8.89,8.98,8.39,925317.0,1096321712.0
2019-05-31,8.89,8.54,8.89,8.51,727912.0,861836064.0
2019-06-03,8.5,8.37,8.62,8.3,561056.0,651102576.0
2019-06-04,8.4,8.29,8.41,8.12,482613.0,548997280.0
2019-06-05,8.44,8.14,8.49,8.14,452833.0,518222336.0
2019-06-06,8.14,8.2,8.26,8.03,434080.0,492172656.0
2019-06-10,8.29,8.6,8.63,8.26,561483.0,654815648.0
2019-06-11,8.66,9.3,9.39,8.64,1140896.0,1395565456.0
2019-06-12,9.2,9.24,9.46,9.15,668582.0,833041648.0
2019-06-13,9.16,9.29,9.46,9.02,755452.0,939916656.0
2019-06-14,9.28,8.98,9.37,8.95,534601.0,656905872.0
2019-06-17,8.98,9.04,9.26,8.96,409747.0,502358016.0
2019-06-18,9.05,8.98,9.16,8.83,436397.0,529150672.0
2019-06-19,9.43,9.05,9.47,9.05,650165.0,805334272.0
2019-06-20,9.08,9.56,9.58,9.01,1014370.0,1271627360.0
2019-06-21,9.49,9.44,9.69,9.35,784527.0,991534480.0
2019-06-24,9.43,9.38,9.46,9.29,465935.0,583339072.0
2019-06-25,9.39,9.12,9.4,8.92,756275.0,925661440.0
2019-06-26,9.04,9.09,9.22,8.96,399324.0,489114192.0
2019-06-27,9.16,9.14,9.39,9.11,600063.0,743360816.0
2019-06-28,9.07,9.13,9.28,9.07,432808.0,532556288.0
2019-07-01,9.34,9.73,9.79,9.25,1017879.0,1291294800.0
2019-07-02,9.68,9.47,9.68,9.35,803139.0,1016900896.0
2019-07-03,9.44,9.25,9.48,9.16,621553.0,773276800.0
2019-07-04,9.29,9.38,9.39,9.19,475867.0,591595280.0
2019-07-05,9.37,9.32,9.38,9.24,309561.0,386130624.0
2019-07-08,9.29,8.66,9.29,8.61,973594.0,1169161248.0
2019-07-09,8.75,8.77,8.87,8.68,400927.0,478511792.0
2019-07-10,8.77,8.72,8.85,8.68,323789.0,386171696.0
2019-07-11,8.82,8.68,8.92,8.56,337480.0,401792592.0
2019-07-12,8.71,8.8,8.85,8.6,310919.0,370382208.0
2019-07-15,8.77,9.04,9.09,8.58,487524.0,587697840.0
2019-07-16,9.02,9.06,9.2,8.97,332069.0,406474880.0
2019-07-17,9.06,9.16,9.22,8.99,322954.0,397506016.0
2019-07-18,9.09,8.91,9.13,8.9,351543.0,426880128.0
2019-07-19,9.12,9.38,9.52,9.11,946798.0,1187008400.0
2019-07-22,9.42,9.33,9.56,9.23,626341.0,786201552.0
2019-07-23,9.34,9.27,9.39,9.15,440656.0,546439392.0
2019-07-24,9.36,9.36,9.51,9.28,542068.0,681793728.0
2019-07-25,9.32,9.38,9.46,9.29,366312.0,459104896.0
2019-07-26,9.31,9.4,9.41,9.24,351852.0,439280096.0
2019-07-29,9.39,9.42,9.42,9.29,360368.0,451075120.0
2019-07-30,9.45,9.49,9.58,9.37,508567.0,642719840.0
2019-07-31,9.52,9.29,9.52,9.25,448147.0,547134752.0
2019-08-01,9.23,9.0,9.24,8.99,563890.0,674457792.0
2019-08-02,8.59,8.85,8.91,8.53,488804.0,569641520.0
2019-08-05,8.73,8.51,8.85,8.5,425261.0,490440192.0
2019-08-06,8.13,8.21,8.3,7.93,639870.0,704450288.0
2019-08-07,8.29,8.16,8.37,8.16,287760.0,320002528.0
2019-08-08,8.23,8.35,8.4,8.19,315020.0,352114128.0
2019-08-09,8.38,8.23,8.48,8.22,272321.0,305453904.0
2019-08-12,8.22,8.47,8.48,8.2,260324.0,292409792.0
2019-08-13,8.32,8.17,8.37,8.09,370000.0,410034720.0
2019-08-14,8.32,8.1,8.39,8.08,369442.0,409453712.0
2019-08-15,7.82,8.0,8.01,7.77,423818.0,456451984.0
2019-08-16,7.98,8.07,8.22,7.94,347773.0,382987904.0
2019-08-19,8.22,8.34,8.35,8.12,462911.0,515734384.0
2019-08-20,8.35,8.37,8.43,8.29,402704.0,453023872.0
2019-08-21,8.32,8.21,8.34,8.15,297763.0,331402816.0
2019-08-22,8.24,8.18,8.27,8.1,251906.0,278352832.0
2019-08-23,8.21,8.3,8.41,8.17,458512.0,513076160.0
2019-08-26,8.02,8.17,8.24,7.97,408102.0,449324944.0
2019-08-27,8.27,8.29,8.5,8.23,596531.0,671752288.0
2019-08-28,8.34,8.31,8.45,8.25,374529.0,419390240.0
2019-08-29,8.32,8.4,8.4,8.14,460908.0,514869712.0
2019-08-30,8.55,8.7,9.0,8.53,985582.0,1146668288.0
2019-09-02,8.66,8.8,8.87,8.65,558593.0,651150560.0
2019-09-03,8.82,8.62,8.85,8.51,570937.0,656503840.0
2019-09-04,8.57,8.74,8.79,8.49,459962.0,531435616.0
2019-09-05,8.94,9.06,9.24,8.88,912992.0,1095671936.0
2019-09-06,9.16,9.32,9.37,9.15,633657.0,769817392.0
2019-09-09,9.44,9.39,9.54,9.25,535691.0,656051232.0
2019-09-10,9.36,9.3,9.46,9.27,420569.0,514209296.0
2019-09-11,9.37,9.42,9.52,9.31,440924.0,541579184.0
2019-09-12,9.44,9.35,9.47,9.2,310639.0,378613536.0
2019-09-16,9.37,9.19,9.39,9.12,375351.0,453813056.0
2019-09-17,9.21,8.9,9.21,8.79,432388.0,510816000.0
2019-09-18,8.91,8.93,9.0,8.86,243389.0,286999680.0
2019-09-19,8.96,8.82,8.97,8.65,308478.0,359339072.0
2019-09-20,8.87,8.94,9.01,8.8,374257.0,440998896.0
2019-09-23,8.88,8.76,8.89,8.65,313877.0,364131168.0
2019-09-24,8.8,8.8,8.94,8.77,255142.0,299235248.0
2019-09-25,8.76,8.7,8.8,8.6,263100.0,304303376.0
2019-09-26,8.72,8.36,8.75,8.36,376956.0,428818704.0
2019-09-27,8.37,8.45,8.47,8.35,243428.0,274950704.0
2019-09-30,8.45,8.34,8.48,8.33,245043.0,276171776.0
2019-10-08,8.33,8.23,8.43,8.22,334680.0,374067456.0
2019-10-09,8.15,8.35,8.37,8.15,263657.0,293983168.0
2019-10-10,8.32,8.58,8.67,8.32,426891.0,488222640.0
2019-10-11,8.72,9.0,9.07,8.72,749284.0,884207904.0
2019-10-14,9.1,9.33,9.4,9.06,776543.0,944011808.0
2019-10-15,9.42,9.18,9.44,9.09,446045.0,538192704.0
2019-10-16,9.25,9.21,9.37,9.13,372347.0,451283280.0
2019-10-17,9.32,9.2,9.33,9.12,261548.0,315852816.0
2019-10-18,9.27,8.98,9.29,8.88,360685.0,429562368.0
2019-10-21,9.02,8.93,9.06,8.83,272585.0,322018864.0
2019-10-22,8.98,8.94,8.99,8.83,239651.0,282410208.0
2019-10-23,8.93,8.92,9.0,8.89,227082.0,268474320.0
2019-10-24,8.93,8.9,9.01,8.85,193201.0,228026652.0
2019-10-25,8.97,9.3,9.33,8.93,429279.0,511593872.0
2019-10-28,9.34,9.27,9.4,9.16,354974.0,425069312.0
2019-10-29,9.27,9.05,9.29,9.03,285331.0,338184512.0
2019-10-30,9.01,9.32,9.35,8.88,426526.0,506601296.0
2019-10-31,9.32,8.83,9.35,8.77,773294.0,901043856.0
2019-11-01,8.82,9.96,9.97,8.79,1607328.0,1974124704.0
2019-11-04,10.04,10.27,10.39,10.04,1336949.0,1735013056.0
2019-11-05,10.22,10.33,10.52,10.1,911756.0,1192433408.0
2019-11-06,10.28,10.07,10.35,10.04,583981.0,752991728.0
2019-11-07,10.15,10.13,10.3,10.04,433448.0,558081440.0
2019-11-08,10.26,10.04,10.42,9.95,688671.0,889121808.0
2019-11-11,9.89,9.96,10.17,9.86,572330.0,729244480.0
2019-11-12,10.05,9.98,10.06,9.68,464811.0,584781856.0
2019-11-13,9.87,9.89,9.92,9.69,324920.0,408267728.0
2019-11-14,9.89,9.88,10.05,9.82,320808.0,405880640.0
2019-11-15,9.86,9.75,10.02,9.62,337091.0,422311664.0
2019-11-18,9.7,10.34,10.35,9.68,768455.0,989164640.0
2019-11-19,10.28,10.32,10.32,10.15,577568.0,748700672.0
2019-11-20,10.31,10.05,10.32,9.97,458153.0,588898736.0
2019-11-21,9.96,10.0,10.01,9.87,248494.0,314509376.0
2019-11-22,9.95,10.06,10.3,9.92,505888.0,649287984.0
2019-11-25,10.31,10.65,10.71,10.27,1053663.0,1399279456.0
2019-11-26,10.65,10.65,10.71,10.42,628670.0,837693664.0
2019-11-27,10.61,10.62,10.83,10.53,522221.0,700154768.0
2019-11-28,10.52,10.4,10.55,10.34,394416.0,518519488.0
2019-11-29,10.36,10.46,10.48,10.25,361319.0,473329120.0
2019-12-02,10.56,10.58,10.83,10.48,487687.0,650885504.0
2019-12-03,10.47,10.84,10.87,10.4,485092.0,651434128.0
2019-12-04,10.84,10.71,10.9,10.6,379934.0,511596944.0
2019-12-05,10.75,11.22,11.32,10.74,743696.0,1030240848.0
2019-12-06,11.17,11.3,11.32,11.12,395741.0,552981808.0
2019-12-09,11.37,11.28,11.45,11.18,449101.0,630248512.0
2019-12-10,11.21,11.28,11.32,11.15,387665.0,541378128.0
2019-12-11,11.26,11.1,11.55,11.06,499873.0,698309232.0
2019-12-12,11.15,11.45,11.52,11.14,493236.0,696874144.0
2019-12-13,11.6,11.57,11.72,11.49,483252.0,691651536.0
2019-12-16,11.67,11.97,12.14,11.6,622387.0,910530144.0
2019-12-17,11.97,12.02,12.1,11.79,425956.0,626041104.0
2019-12-18,11.97,11.92,12.19,11.82,412437.0,607877248.0
2019-12-19,11.97,11.93,11.98,11.79,334963.0,489250256.0
2019-12-20,11.94,11.88,12.02,11.82,262794.0,384888480.0
2019-12-23,11.87,12.04,12.25,11.77,381425.0,564959872.0
2019-12-24,11.98,12.46,12.54,11.98,569322.0,859648192.0
2019-12-25,12.42,12.56,12.79,12.38,532510.0,816211424.0
2019-12-26,12.51,12.54,12.63,12.36,336562.0,511619568.0
2019-12-27,12.62,12.63,12.85,12.49,456485.0,701808960.0
2019-12-30,12.57,12.92,12.95,12.52,458956.0,712860976.0
2019-12-31,12.92,13.15,13.16,12.8,465309.0,730941600.0
2020-01-02,13.31,13.43,13.9,13.28,836496.0,1361986144.0
2020-01-03,13.43,13.69,13.73,13.35,487713.0,792331312.0
2020-01-06,13.47,12.46,13.96,12.13,1851068.0,2904243552.0
2020-01-07,12.58,12.56,13.02,12.44,1227519.0,1889526304.0
2020-01-08,12.56,12.04,12.72,11.88,1284486.0,1918128560.0
2020-01-09,12.27,12.24,12.35,11.98,710996.0,1059285712.0
2020-01-10,12.29,12.21,12.35,12.02,597878.0,890636816.0
2020-01-13,12.15,12.2,12.23,11.91,613411.0,907746304.0
2020-01-14,12.17,11.8,12.25,11.74,996208.0,1461923520.0
2020-01-15,11.8,11.94,11.99,11.66,559412.0,815101632.0
2020-01-16,11.92,11.56,11.92,11.47,858103.0,1233686944.0
2020-01-17,11.66,11.98,12.19,11.64,1056958.0,1552955760.0
2020-01-20,12.07,11.78,12.1,11.65,831124.0,1204511824.0
2020-01-21,11.79,11.52,11.79,11.32,669333.0,951910528.0
2020-01-22,11.45,11.62,11.72,11.41,436155.0,626023552.0
2020-01-23,11.5,10.8,11.5,10.62,1101215.0,1513047088.0
2020-02-03,9.45,9.45,9.77,9.45,1294811.0,1581433168.0
2020-02-04,9.34,10.09,10.14,9.33,1156227.0,1460971264.0
2020-02-05,10.27,10.54,10.76,10.27,1018134.0,1351242416.0
2020-02-06,10.75,10.63,10.75,10.34,737784.0,977699424.0
2020-02-07,10.52,10.61,10.62,10.37,503119.0,664956784.0
2020-02-10,10.55,11.25,11.31,10.31,1018043.0,1393498048.0
2020-02-11,11.31,11.55,11.81,11.17,932965.0,1334578000.0
2020-02-12,11.37,11.56,11.74,11.25,705169.0,1005189504.0
2020-02-13,11.57,11.71,11.91,11.51,755912.0,1094431088.0
2020-02-14,11.67,11.57,11.82,11.4,556302.0,797444288.0
2020-02-17,11.51,12.07,12.08,11.5,764276.0,1117626640.0
2020-02-18,12.02,11.81,12.02,11.55,851880.0,1234762864.0
2020-02-19,11.71,11.6,11.89,11.59,507252.0,731976192.0
2020-02-20,11.67,12.05,12.12,11.53,839365.0,1226224352.0
2020-02-21,11.91,12.18,12.41,11.88,915075.0,1366600288.0
2020-02-24,12.05,11.86,12.11,11.68,899990.0,1315115200.0
2020-02-25,11.55,11.44,11.61,11.07,1195651.0,1691251120.0
2020-02-26,11.18,11.42,11.63,11.1,716516.0,1014406880.0
2020-02-27,11.47,12.39,12.62,11.47,1743548.0,2606787760.0
2020-02-28,11.97,11.6,12.23,11.52,1244692.0,1815724976.0
2020-03-02,11.73,12.57,12.72,11.63,1282203.0,1943156848.0
2020-03-03,12.6,12.33,13.05,12.12,1178553.0,1791998320.0
2020-03-04,12.15,12.49,12.55,12.1,759697.0,1145470800.0
2020-03-05,12.5,12.53,12.71,12.37,699601.0,1067562464.0
2020-03-06,12.29,12.13,12.41,12.11,616772.0,920189536.0
2020-03-09,11.82,11.48,12.06,11.47,819727.0,1182958496.0
2020-03-10,11.24,11.77,11.95,11.22,628691.0,899424160.0
2020-03-11,11.81,11.55,11.84,11.54,384210.0,553208080.0
2020-03-12,11.31,11.14,11.48,11.07,481888.0,671768768.0
2020-03-13,10.27,10.9,11.25,10.17,729857.0,977526560.0
2020-03-16,10.87,10.06,10.96,10.01,748977.0,984169536.0
2020-03-17,10.07,9.97,10.26,9.38,676280.0,850652816.0
2020-03-18,10.06,9.74,10.41,9.7,704815.0,905236848.0
2020-03-19,9.71,9.52,9.83,9.22,685041.0,836576592.0
2020-03-20,9.67,9.87,9.95,9.5,561460.0,700208144.0
2020-03-23,9.27,9.28,9.55,9.23,537771.0,649509952.0
2020-03-24,9.53,9.68,9.72,9.33,583133.0,716632576.0
2020-03-25,10.15,10.17,10.33,10.03,625872.0,807744432.0
2020-03-26,10.05,10.09,10.23,9.99,294106.0,377991824.0
2020-03-27,9.85,9.89,10.17,8.96,1624412.0,1981923408.0
2020-03-30,9.47,9.32,9.55,9.23,833958.0,1007821920.0
2020-03-31,9.47,9.23,9.55,9.2,508655.0,613991424.0
2020-04-01,9.47,9.65,10.02,9.34,1101548.0,1369754048.0
2020-04-02,9.63,9.92,9.93,9.52,448270.0,560556704.0
2020-04-03,9.93,10.0,10.24,9.9,536725.0,687243424.0
2020-04-07,10.15,10.4,10.6,10.15,685554.0,900624992.0
2020-04-08,10.29,10.35,10.47,10.29,349127.0,457533536.0
2020-04-09,10.44,10.5,10.56,10.37,371508.0,490411728.0
2020-04-10,10.45,10.45,10.57,10.17,454046.0,596703968.0
2020-04-13,10.31,10.75,10.91,10.28,548160.0,735505600.0
2020-04-14,10.84,10.74,10.88,10.55,496381.0,666558272.0
2020-04-15,10.78,10.68,10.81,10.47,404426.0,541151488.0
2020-04-16,10.58,10.66,10.72,10.48,267606.0,356756944.0
2020-04-17,10.82,10.72,10.94,10.65,490941.0,664417424.0
2020-04-20,10.87,10.74,10.92,10.66,334239.0,450608864.0
2020-04-21,10.67,10.52,10.68,10.33,432063.0,570440208.0
2020-04-22,10.43,10.69,10.72,10.37,305948.0,407590592.0
2020-04-23,10.74,10.43,10.8,10.42,321306.0,426412768.0
2020-04-24,10.53,10.37,10.77,10.32,372603.0,493581456.0
2020-04-27,10.33,10.18,10.39,10.01,386070.0,500292576.0
2020-04-28,10.29,10.09,10.36,9.91,419312.0,539542576.0
2020-04-29,10.12,10.28,10.31,9.94,394047.0,507070976.0
2020-04-30,10.45,10.67,10.86,10.44,571987.0,769875936.0
2020-05-06,10.75,11.6,11.67,10.75,1056254.0,1490225936.0
2020-05-07,11.61,11.55,11.71,11.37,555547.0,793961520.0
2020-05-08,11.66,11.65,11.72,11.55,446659.0,641909344.0
2020-05-11,11.75,11.66,11.9,11.5,475048.0,686005040.0
2020-05-12,11.66,11.49,11.68,11.42,382273.0,544321104.0
2020-05-13,11.48,11.49,11.54,11.35,323023.0,457212224.0
2020-05-14,11.4,11.22,11.44,11.2,337936.0,473619056.0
2020-05-15,11.27,11.04,11.33,11.02,371860.0,514467488.0
2020-05-18,11.13,11.06,11.33,11.02,447372.0,620839008.0
2020-05-19,11.28,11.24,11.52,11.12,395729.0,555418784.0
2020-05-20,11.17,11.17,11.29,11.07,282766.0,392676496.0
2020-05-21,11.22,10.94,11.24,10.87,319023.0,437091488.0
2020-05-22,10.94,10.56,10.97,10.4,415396.0,554442400.0
2020-05-25,10.58,10.39,10.64,10.34,330862.0,434484544.0
2020-05-26,10.55,10.48,10.59,10.28,486013.0,637950160.0
2020-05-27,10.4,10.26,10.44,10.26,360148.0,470096080.0
2020-05-28,10.3,10.49,10.7,10.23,476172.0,628296080.0
2020-05-29,10.41,10.31,10.57,10.23,402249.0,527161536.0
2020-06-01,10.4,10.76,10.78,10.4,478727.0,640877088.0
2020-06-02,10.87,10.71,11.0,10.61,512659.0,692232624.0
2020-06-03,10.88,11.19,11.36,10.82,728550.0,1010363280.0
2020-06-04,11.27,11.15,11.33,10.98,367965.0,509638640.0
2020-06-05,11.15,11.0,11.2,10.77,352020.0,480871216.0
2020-06-08,11.11,11.0,11.24,10.94,340089.0,468821424.0
2020-06-09,11.07,11.47,11.47,10.91,777503.0,1095936880.0
2020-06-10,11.45,11.27,11.45,11.18,403766.0,564462160.0
2020-06-11,11.31,10.98,11.45,10.9,541473.0,751141296.0
2020-06-12,10.67,10.95,10.95,10.6,436776.0,590497568.0
2020-06-15,10.83,10.63,10.91,10.57,414887.0,559140192.0
2020-06-16,10.82,10.8,10.85,10.64,364542.0,491765344.0
2020-06-17,10.75,10.65,10.75,10.57,389091.0,519994352.0
2020-06-18,10.65,10.86,10.87,10.57,417097.0,562208400.0
2020-06-19,10.85,10.97,11.0,10.79,434069.0,592062704.0
2020-06-22,10.99,10.68,11.04,10.62,598965.0,808748688.0
2020-06-23,10.72,10.51,10.73,10.45,495708.0,657283792.0
2020-06-24,10.58,10.81,10.84,10.56,525385.0,707734256.0
2020-06-29,10.73,10.78,10.95,10.6,488007.0,661608960.0
2020-06-30,10.95,10.99,11.11,10.83,481252.0,658029984.0
2020-07-01,11.01,11.24,11.24,10.9,616903.0,855507072.0
2020-07-02,11.32,12.0,12.22,11.31,1296426.0,1897902624.0
2020-07-03,12.32,12.45,12.57,12.16,1065706.0,1613985104.0
2020-07-06,12.6,12.78,12.82,12.42,984981.0,1518185056.0
2020-07-07,12.93,12.62,13.06,12.47,950715.0,1471147488.0
2020-07-08,12.52,12.8,12.85,12.47,660367.0,1017862208.0
2020-07-09,12.98,12.98,13.17,12.68,689705.0,1081400496.0
2020-07-10,12.87,12.6,13.14,12.52,779305.0,1211462400.0
2020-07-13,12.64,13.25,13.25,12.64,821321.0,1296722592.0
2020-07-14,13.22,13.51,13.57,13.05,950160.0,1527479616.0
2020-07-15,13.57,13.5,13.84,13.33,874272.0,1424069248.0
2020-07-16,13.52,13.0,14.06,12.89,1060017.0,1720586112.0
2020-07-17,13.26,13.2,13.44,12.95,643451.0,1025523168.0
2020-07-20,13.37,14.42,14.45,13.37,1049564.0,1768006016.0
2020-07-21,14.45,14.52,14.67,14.17,783014.0,1343300768.0
2020-07-22,14.44,14.27,14.57,14.17,532356.0,910048576.0
2020-07-23,14.1,14.11,14.42,13.66,625028.0,1047246304.0
2020-07-24,13.99,13.43,14.23,13.42,607164.0,999600384.0
2020-07-27,13.72,13.56,14.13,13.36,551983.0,907292496.0
2020-07-28,13.77,13.48,14.01,13.35,433555.0,709064960.0
2020-07-29,13.54,13.87,13.92,13.28,495008.0,812579088.0
2020-07-30,13.84,13.49,13.93,13.4,512450.0,834585328.0
2020-07-31,13.5,13.46,13.7,13.03,556163.0,895538560.0
2020-08-03,13.73,14.26,14.45,13.73,703381.0,1193489280.0
2020-08-04,14.29,14.29,14.4,14.03,456148.0,774997536.0
2020-08-05,14.29,13.97,14.32,13.83,413166.0,689253920.0
2020-08-06,14.02,13.68,14.05,13.48,403459.0,663570832.0
2020-08-07,13.68,13.68,13.75,13.25,371300.0,603062352.0
2020-08-10,13.57,13.62,13.73,13.25,371790.0,602847728.0
2020-08-11,13.67,13.32,13.85,13.29,280572.0,457515712.0
2020-08-12,13.33,12.97,13.42,12.52,524430.0,818870784.0
2020-08-13,13.15,12.93,13.43,12.83,339068.0,535627216.0
2020-08-14,12.92,13.19,13.24,12.85,326717.0,514476896.0
2020-08-17,13.24,13.5,13.63,13.2,492252.0,796447584.0
2020-08-18,13.5,13.53,13.6,13.27,260581.0,419174000.0
2020-08-19,13.55,13.12,13.6,13.06,331938.0,525526672.0
2020-08-20,13.03,12.88,13.22,12.69,247995.0,386034000.0
2020-08-21,13.13,12.79,13.15,12.66,458074.0,705895104.0
2020-08-24,12.87,13.21,13.35,12.82,495132.0,781808800.0
2020-08-25,13.39,13.12,13.48,13.01,298742.0,471970496.0
2020-08-26,13.1,12.8,13.22,12.72,308530.0,479365792.0
2020-08-27,12.9,12.87,12.95,12.64,259386.0,399514416.0
2020-08-28,12.53,12.3,12.53,11.85,1141704.0,1677359728.0
2020-08-31,12.25,12.22,12.58,12.18,608792.0,912297664.0
2020-09-01,12.31,12.25,12.4,12.06,534753.0,791817536.0
2020-09-02,12.37,12.43,12.6,12.18,501939.0,752426336.0
2020-09-03,12.46,12.55,12.76,12.43,490648.0,744665648.0
2020-09-04,12.25,12.4,12.44,12.19,312516.0,465545216.0
2020-09-07,12.3,11.97,12.47,11.93,384473.0,567055072.0
2020-09-08,11.97,12.26,12.28,11.88,406378.0,596859040.0
2020-09-09,12.07,11.74,12.1,11.71,413782.0,597685248.0
2020-09-10,11.86,11.56,11.9,11.54,339830.0,487179088.0
2020-09-11,11.63,11.57,11.67,11.3,314190.0,442984816.0
2020-09-14,11.64,11.75,11.83,11.62,245562.0,351490352.0
2020-09-15,11.75,12.3,12.35,11.71,566932.0,836057552.0
2020-09-16,12.23,12.42,12.74,12.15,492586.0,740255200.0
2020-09-17,12.59,13.58,13.7,12.59,1301361.0,2063710224.0
2020-09-18,13.75,13.99,14.05,13.63,1125800.0,1854240240.0
2020-09-21,14.0,13.4,14.02,13.24,698050.0,1123414416.0
2020-09-22,13.25,13.02,13.44,12.94,503367.0,794256992.0
2020-09-23,13.09,12.88,13.15,12.74,460834.0,713547136.0
2020-09-24,12.74,12.48,12.77,12.44,379736.0,575027104.0
2020-09-25,12.6,12.37,12.6,12.23,366176.0,548289760.0
2020-09-28,12.41,12.35,12.58,12.12,466560.0,699302688.0
2020-09-29,12.46,12.31,12.49,12.22,410114.0,611686144.0
2020-09-30,12.36,12.5,12.77,12.35,408373.0,616838048.0
2020-10-09,13.04,13.19,13.39,12.89,680143.0,1070859904.0
2020-10-12,13.38,13.42,13.54,13.25,526673.0,842199824.0
2020-10-13,13.4,13.41,13.56,13.19,343879.0,548309280.0
2020-10-14,13.56,13.62,13.68,13.42,484019.0,782791808.0
2020-10-15,13.52,13.49,13.76,13.47,395545.0,640339280.0
2020-10-16,13.45,13.64,13.73,13.45,335875.0,538449584.0
2020-10-19,13.69,13.36,13.83,13.25,324735.0,518287712.0
2020-10-20,13.4,13.49,13.5,13.21,287346.0,454908176.0
2020-10-21,13.49,13.21,13.5,13.05,275226.0,430370720.0
2020-10-22,13.11,12.93,13.15,12.78,351652.0,539140224.0
2020-10-23,12.9,12.85,13.06,12.67,307445.0,470888000.0
2020-10-26,12.75,12.83,12.9,12.47,203054.0,308002128.0
2020-10-27,12.83,12.75,12.9,12.62,248205.0,377269536.0
2020-10-28,12.7,12.75,12.84,12.39,366631.0,553575984.0
2020-10-29,12.64,13.14,13.22,12.49,448059.0,689037504.0
2020-10-30,13.35,12.68,13.35,12.55,485792.0,738682688.0
2020-11-02,12.84,13.53,13.55,12.84,848969.0,1337572592.0
2020-11-03,13.71,13.04,13.71,12.86,905379.0,1414449376.0
2020-11-04,13.06,13.41,13.55,12.95,674042.0,1064242064.0
2020-11-05,13.55,14.25,14.42,13.43,1039778.0,1715447568.0
2020-11-06,14.23,14.18,14.32,13.97,614280.0,1017447888.0
2020-11-09,14.47,14.39,14.73,14.1,711655.0,1198308032.0
2020-11-10,14.56,13.94,14.58,13.85,650251.0,1078788720.0
2020-11-11,14.0,14.25,14.68,13.88,695818.0,1167777392.0
2020-11-12,14.27,14.43,14.51,14.1,415723.0,698902400.0
2020-11-13,14.6,14.47,14.89,14.12,664113.0,1123724208.0
2020-11-16,14.54,14.39,14.59,14.16,583855.0,977778736.0
2020-11-17,14.26,15.29,15.57,14.19,1289090.0,2265012704.0
2020-11-18,15.29,15.25,15.43,15.1,657458.0,1164487984.0
2020-11-19,15.26,15.32,15.39,15.07,391686.0,693425008.0
2020-11-20,15.25,15.47,15.81,15.12,620363.0,1113605504.0
2020-11-23,15.4,15.55,15.63,15.05,640880.0,1140814128.0
2020-11-24,15.63,15.38,15.89,15.25,501866.0,903054288.0
2020-11-25,15.54,15.08,15.87,15.07,617665.0,1102610016.0
2020-11-26,15.25,14.8,15.3,14.57,676999.0,1167473264.0
2020-11-27,14.83,14.9,15.14,14.68,543115.0,940394192.0
2020-11-30,14.85,14.24,14.98,14.24,741299.0,1262893056.0
2020-12-01,14.27,14.7,14.77,14.21,488579.0,831954208.0
2020-12-02,14.71,14.7,14.84,14.49,334888.0,573727552.0
2020-12-03,14.76,14.47,14.85,14.23,538843.0,914598320.0
2020-12-04,14.43,14.58,14.73,14.27,344017.0,583052592.0
2020-12-07,14.62,14.23,14.66,14.15,348419.0,584327200.0
2020-12-08,14.25,14.09,14.25,13.96,443074.0,732478032.0
2020-12-09,14.15,13.65,14.21,13.63,449023.0,734449872.0
2020-12-10,13.66,13.65,13.81,13.52,352425.0,568018272.0
2020-12-11,13.65,13.49,13.89,13.27,471650.0,752872144.0
2020-12-14,13.49,13.55,13.6,13.27,389060.0,616740768.0
2020-12-15,13.52,13.66,13.71,13.08,648435.0,1026253152.0
2020-12-16,13.67,13.39,13.75,13.27,506439.0,807542016.0
2020-12-17,13.43,13.59,13.68,13.2,530573.0,846527552.0
2020-12-18,13.63,13.6,13.82,13.45,455193.0,731883088.0
2020-12-21,13.6,13.92,13.96,13.26,578675.0,932772656.0
2020-12-22,13.8,13.35,13.86,13.23,754326.0,1200229312.0
2020-12-23,13.3,13.06,13.35,12.83,797463.0,1233678576.0
2020-12-24,13.07,12.94,13.2,12.85,385074.0,594827744.0
2020-12-25,12.65,12.71,12.86,12.31,725614.0,1090064944.0
2020-12-28,12.68,13.13,13.14,12.6,642939.0,989352304.0
2020-12-29,13.16,13.1,13.37,12.96,478027.0,744062320.0
2020-12-30,12.96,13.08,13.27,12.88,498158.0,772011568.0
2020-12-31,13.16,13.34,13.39,13.04,586790.0,921264128.0
2021-01-04,13.39,13.57,13.65,13.16,791297.0,1258856112.0
2021-01-05,13.68,14.01,14.02,13.45,945325.0,1530626704.0
2021-01-06,14.04,13.83,14.15,13.64,633022.0,1031216720.0
2021-01-07,13.97,14.2,14.32,13.69,1015253.0,1672288096.0
2021-01-08,14.43,14.25,14.55,13.87,969585.0,1610910784.0
2021-01-11,14.35,14.73,15.02,14.26,1423481.0,2446519904.0
2021-01-12,14.69,15.12,15.12,14.4,1022818.0,1765415520.0
2021-01-13,15.55,16.47,16.88,15.3,2346979.0,4405965568.0
2021-01-14,16.53,16.44,17.41,16.15,1959861.0,3759232464.0
2021-01-15,16.85,16.19,16.97,15.81,1250876.0,2343303312.0
2021-01-18,15.94,16.29,16.5,15.77,901909.0,1680089600.0
2021-01-19,16.7,16.3,17.2,16.2,1215889.0,2323628528.0
2021-01-20,16.63,16.93,17.41,16.6,1213879.0,2364833904.0
2021-01-21,16.93,16.71,17.0,16.4,950654.0,1817943152.0
2021-01-22,16.85,16.84,16.9,16.05,1098781.0,2078774800.0
2021-01-25,16.61,16.6,16.75,16.15,876917.0,1662485152.0
2021-01-26,16.45,16.12,17.03,15.97,892338.0,1679938064.0
2021-01-27,16.36,17.61,17.75,16.12,1753924.0,3419925888.0
2021-01-28,17.15,17.08,17.51,16.95,1202743.0,2361851824.0
2021-01-29,17.26,18.69,19.03,16.97,1952748.0,4079320800.0
2021-02-01,19.05,19.43,20.04,18.45,1707071.0,3716208176.0
2021-02-02,19.54,21.62,21.62,19.07,1846024.0,4267076640.0
2021-02-03,21.86,21.62,22.55,21.0,1815021.0,4369360128.0
2021-02-04,21.35,21.66,22.44,20.89,1460274.0,3508141392.0
2021-02-05,21.81,20.65,22.04,19.84,1890527.0,4390723072.0
2021-02-08,20.77,22.18,22.52,20.34,1343661.0,3220381152.0
2021-02-09,22.46,23.02,23.65,21.95,1481880.0,3743395616.0
2021-02-10,23.05,22.92,23.35,22.35,1025427.0,2596752528.0
2021-02-18,23.6,22.59,23.81,22.25,1173449.0,2967803328.0
2021-02-19,22.22,22.31,22.67,21.13,1087492.0,2648809728.0
2021-02-22,22.42,21.4,22.85,21.37,1117318.0,2731221248.0
2021-02-23,21.25,21.43,21.92,20.76,801367.0,1918223888.0
2021-02-24,21.55,20.45,21.72,20.24,1143309.0,2651073968.0
2021-02-25,20.84,20.47,20.98,20.08,799896.0,1842732944.0
2021-02-26,19.55,19.6,20.23,19.43,848780.0,1888818608.0
2021-03-01,20.1,20.34,20.61,19.55,788197.0,1780768880.0
2021-03-02,20.72,20.75,21.32,20.35,1001520.0,2323660496.0
2021-03-03,20.43,20.73,21.05,19.66,760838.0,1741966576.0
2021-03-04,20.24,19.24,20.39,19.04,1062225.0,2344330752.0
2021-03-05,18.6,18.81,19.18,18.43,700211.0,1487941936.0
2021-03-08,19.05,17.8,19.2,17.64,892352.0,1851055424.0
2021-03-09,17.59,17.31,18.05,16.92,788553.0,1572121440.0
2021-03-10,17.86,17.79,18.14,17.43,615613.0,1247048496.0
2021-03-11,17.93,18.13,18.49,17.76,641547.0,1323435712.0
2021-03-12,18.13,18.3,18.94,17.95,677987.0,1415441968.0
2021-03-15,18.07,17.92,18.21,17.62,443542.0,902192048.0
2021-03-16,17.96,17.7,18.22,17.49,493791.0,998374128.0
2021-03-17,17.75,17.85,18.09,17.46,382710.0,776072976.0
2021-03-18,17.93,18.01,18.2,17.75,468873.0,956204272.0
2021-03-19,17.55,17.4,17.74,17.23,562979.0,1121683552.0
2021-03-22,17.43,17.89,18.1,17.3,430928.0,872490368.0
2021-03-23,17.91,17.13,17.99,16.75,700389.0,1376689696.0
2021-03-24,16.89,16.36,17.14,16.26,636738.0,1208362128.0
2021-03-25,16.27,16.5,16.74,16.15,381511.0,721775760.0
2021-03-26,16.75,17.0,17.13,16.58,494251.0,955936816.0
2021-03-29,16.97,16.91,17.19,16.66,438410.0,850328272.0
2021-03-30,17.05,17.29,17.5,16.89,504266.0,992680144.0
2021-03-31,16.7,16.79,16.88,16.03,1052068.0,1994107392.0
2021-04-01,16.79,16.67,16.97,16.46,505359.0,965408432.0
2021-04-02,16.97,16.91,17.29,16.83,555868.0,1081694112.0
2021-04-06,17.28,17.59,18.0,17.17,810184.0,1626244304.0
2021-04-07,17.35,16.53,17.53,16.36,1378227.0,2625783712.0
2021-04-08,16.35,16.42,16.63,16.17,648663.0,1224765792.0
2021-04-09,16.42,16.5,16.9,16.22,715096.0,1356784848.0
2021-04-12,16.65,15.77,16.69,15.71,656388.0,1216106800.0
2021-04-13,15.79,16.24,16.33,15.75,544395.0,1010539328.0
2021-04-14,16.28,16.5,16.67,16.24,424042.0,803951408.0
2021-04-15,16.52,16.58,16.62,16.1,347211.0,652832768.0
2021-04-16,16.7,16.43,16.78,16.31,385302.0,729815968.0
2021-04-19,16.81,17.58,17.63,16.71,983134.0,1942074032.0
2021-04-20,17.35,17.31,17.58,17.21,623841.0,1234263920.0
2021-04-21,17.08,16.86,17.1,16.75,579115.0,1119859216.0
2021-04-22,16.87,16.56,16.94,16.45,535255.0,1019278624.0
2021-04-23,16.61,16.87,17.0,16.48,544561.0,1047075616.0
2021-04-26,16.87,16.33,17.07,16.3,751814.0,1433968672.0
2021-04-27,16.31,15.79,16.31,15.52,782466.0,1428631696.0
2021-04-28,15.81,15.63,15.9,15.46,636932.0,1149966432.0
2021-04-29,15.65,15.78,15.8,15.45,658622.0,1190747120.0
2021-04-30,15.86,15.66,16.0,15.55,879801.0,1598204752.0
2021-05-06,15.25,15.22,15.4,14.86,824451.0,1450823872.0
2021-05-07,15.22,14.74,15.33,14.73,660976.0,1153732944.0
2021-05-10,14.71,14.83,14.97,14.5,540897.0,928548416.0
2021-05-11,14.63,14.76,14.81,14.2,857257.0,1450519936.0
2021-05-12,14.86,14.75,15.09,14.47,764249.0,1312231760.0
2021-05-13,14.49,14.43,14.73,14.35,536686.0,909957360.0
2021-05-14,14.53,15.05,15.05,14.36,817070.0,1410126032.0
2021-05-17,15.03,15.29,15.5,14.91,923659.0,1623308352.0
2021-05-18,15.2,15.0,15.2,14.9,590162.0,1028636448.0
2021-05-19,14.98,15.03,15.29,14.92,587994.0,1029533408.0
2021-05-20,14.99,14.62,15.09,14.59,859369.0,1473265440.0
2021-05-21,14.71,14.69,14.79,14.5,616391.0,1054047216.0
2021-05-24,14.65,14.61,14.65,14.35,597307.0,1011413616.0
2021-05-25,14.66,15.01,15.03,14.44,938082.0,1619750192.0
2021-05-26,14.96,15.06,15.43,14.91,1112194.0,1962557904.0
2021-05-27,15.21,15.96,16.09,15.09,1895497.0,3425672864.0
2021-05-28,15.94,15.75,16.08,15.57,1166757.0,2130886800.0
2021-05-31,16.0,15.36,16.01,15.2,1221275.0,2173239872.0
2021-06-01,15.21,15.55,15.81,15.16,931815.0,1670401232.0
2021-06-02,15.65,15.29,15.73,15.23,632740.0,1128263024.0
2021-06-03,15.3,15.05,15.43,15.05,644201.0,1137977312.0
2021-06-04,14.92,15.1,15.22,14.77,512500.0,894293984.0
2021-06-07,15.09,15.54,15.62,14.85,841719.0,1488560480.0
2021-06-08,15.54,15.22,15.56,15.11,687058.0,1219851760.0
2021-06-09,15.23,15.03,15.24,14.96,451683.0,789821536.0
2021-06-10,14.97,14.95,15.21,14.89,625403.0,1093426656.0
2021-06-11,14.88,14.75,14.9,14.52,739707.0,1265369680.0
2021-06-15,14.74,14.48,14.77,14.36,547009.0,926610048.0
2021-06-16,14.46,14.28,14.65,14.24,434878.0,732946256.0
2021-06-17,14.28,14.34,14.5,14.24,419990.0,706359168.0
2021-06-18,14.3,14.7,14.72,13.95,678735.0,1138852240.0
2021-06-21,14.55,14.3,14.7,14.25,575990.0,971324368.0
2021-06-22,14.28,14.55,14.7,14.16,571267.0,968451504.0
2021-06-23,14.55,14.71,14.79,14.42,573119.0,979914448.0
2021-06-24,14.75,14.56,14.78,14.51,420630.0,717447712.0
2021-06-25,14.6,15.03,15.04,14.55,795872.0,1377251376.0
2021-06-28,15.39,15.25,15.89,15.2,1157371.0,2071425408.0
2021-06-29,15.15,15.44,15.7,15.07,1003392.0,1799700944.0
2021-06-30,15.55,15.42,15.58,15.17,613930.0,1090567488.0
2021-07-01,15.33,14.97,15.49,14.8,650647.0,1139802080.0
2021-07-02,14.97,14.69,14.98,14.5,671343.0,1151282768.0
2021-07-05,14.6,14.74,14.97,14.51,515196.0,883759328.0
2021-07-06,14.74,14.56,14.75,14.37,537831.0,913614064.0
2021-07-07,14.51,14.58,14.71,14.46,382038.0,651526352.0
2021-07-08,14.64,14.25,14.66,14.19,683954.0,1150626208.0
2021-07-09,14.16,14.54,14.54,14.06,534006.0,895509456.0
2021-07-12,14.65,14.81,14.89,14.48,690489.0,1182329696.0
2021-07-13,14.87,14.99,15.11,14.66,641776.0,1113036096.0
2021-07-14,14.94,14.57,14.94,14.56,518593.0,887917728.0
2021-07-15,14.55,14.54,14.66,14.28,477906.0,808462912.0
2021-07-16,14.53,14.55,14.56,14.36,482403.0,815376224.0
2021-07-19,14.63,14.8,14.85,14.43,664337.0,1137977760.0
2021-07-20,14.64,15.14,15.24,14.55,1036740.0,1808522256.0
2021-07-21,15.1,14.92,15.22,14.86,733886.0,1279130784.0
2021-07-22,14.93,15.88,16.15,14.92,2082926.0,3805581936.0
2021-07-23,15.92,16.0,16.33,15.68,1593191.0,2937055312.0
2021-07-26,16.07,15.68,16.33,15.46,1551539.0,2844722032.0
2021-07-27,15.63,15.25,16.1,15.18,1262946.0,2293299120.0
2021-07-28,15.15,14.71,15.25,14.45,1044353.0,1805282304.0
2021-07-29,14.97,15.07,15.33,14.85,1009340.0,1770116944.0
2021-07-30,14.9,14.67,14.9,14.43,945713.0,1614737024.0
2021-08-02,14.68,16.38,16.38,14.51,2362643.0,4354613760.0
2021-08-03,16.75,16.65,17.04,16.36,2897535.0,5550190336.0
2021-08-04,16.67,16.74,17.02,16.4,1688244.0,3237087920.0
2021-08-05,16.67,17.22,17.7,16.46,2122529.0,4174540064.0
2021-08-06,17.35,17.22,17.75,16.83,1373963.0,2708518496.0
2021-08-09,17.54,18.24,18.42,17.38,2027828.0,4162023728.0
2021-08-10,18.25,18.05,18.25,17.65,1438021.0,2928435056.0
2021-08-11,18.67,18.21,19.11,17.91,1849977.0,3866009552.0
2021-08-12,18.22,17.23,18.22,17.21,1965614.0,3919327904.0
2021-08-13,16.97,17.43,17.7,16.97,1424994.0,2822882816.0
2021-08-16,17.65,18.41,18.64,17.46,2184644.0,4528130560.0
2021-08-17,18.78,17.41,18.91,17.26,1948281.0,3973370320.0
2021-08-18,17.33,17.7,17.96,17.19,1208576.0,2425522608.0
2021-08-19,17.48,17.22,17.48,16.93,1029583.0,2022899376.0
2021-08-20,16.95,16.9,17.11,16.35,1228832.0,2350796944.0
2021-08-23,16.75,17.05,17.05,16.67,949916.0,1837214064.0
2021-08-24,17.28,17.15,17.43,17.02,964633.0,1896852368.0
2021-08-25,17.33,16.81,17.33,16.74,774909.0,1497092288.0
2021-08-26,16.8,16.93,17.21,16.48,833968.0,1612909008.0
2021-08-27,17.17,18.08,18.08,17.03,1688497.0,3370240912.0
2021-08-30,18.08,17.87,18.09,17.56,1187601.0,2377957152.0
2021-08-31,17.98,17.85,18.41,17.48,1143985.0,2295195024.0
2021-09-01,17.76,17.46,17.76,16.93,1218697.0,2383840736.0
2021-09-02,17.49,17.63,17.75,17.02,1023545.0,2012006336.0
2021-09-03,17.4,17.08,17.51,17.07,953846.0,1858992864.0
2021-09-06,16.99,17.68,18.0,16.92,1126751.0,2227300048.0
2021-09-07,17.7,17.66,17.75,17.49,742021.0,1470770928.0
2021-09-08,17.66,17.41,17.73,17.28,771255.0,1516132576.0
2021-09-09,17.3,17.26,17.66,17.16,705118.0,1379485632.0
2021-09-10,17.21,16.85,17.21,16.83,1021413.0,1955949728.0
2021-09-13,16.78,16.44,16.78,16.28,1005448.0,1878423152.0
2021-09-14,16.46,16.13,16.77,16.01,880905.0,1638150992.0
2021-09-15,15.99,15.9,16.1,15.79,819255.0,1485159152.0
2021-09-16,15.91,15.68,16.2,15.64,726544.0,1314567680.0
2021-09-17,15.75,16.03,16.05,15.68,600180.0,1086519200.0
2021-09-22,15.68,15.8,15.91,15.66,372062.0,669100272.0
2021-09-23,15.88,16.22,16.27,15.88,660423.0,1209458848.0
2021-09-24,16.12,15.87,16.22,15.81,432412.0,787237616.0
2021-09-27,15.93,15.49,16.22,15.37,589912.0,1059349536.0
2021-09-28,15.3,15.49,15.51,14.89,655565.0,1141013472.0
2021-09-29,15.18,15.1,15.27,15.0,452650.0,784498784.0
2021-09-30,15.1,14.94,15.32,14.89,553099.0,957049248.0
2021-10-08,14.9,14.98,15.12,14.9,494508.0,850740528.0
2021-10-11,14.99,15.02,15.1,14.96,339527.0,585267584.0
2021-10-12,15.02,14.39,15.02,14.18,866104.0,1443360608.0
2021-10-13,14.39,14.57,14.62,14.2,370341.0,616026368.0
2021-10-14,14.65,14.6,14.73,14.51,283247.0,476795440.0
2021-10-15,14.6,14.55,14.73,14.3,512947.0,858656544.0
2021-10-18,14.53,14.51,14.53,14.18,467904.0,775424784.0
2021-10-19,14.52,14.71,14.82,14.41,448063.0,757371920.0
2021-10-20,14.83,14.51,14.86,14.46,486769.0,816342608.0
2021-10-21,14.51,14.5,14.53,14.3,358977.0,597175824.0
2021-10-22,14.56,14.78,14.9,14.5,468128.0,783399328.0
2021-10-25,14.76,15.01,15.09,14.47,642167.0,1084347168.0
2021-10-26,15.03,14.89,15.16,14.78,452384.0,767298672.0
2021-10-27,14.89,14.37,14.89,14.29,610753.0,1011441056.0
2021-10-28,14.29,13.03,14.31,12.97,1333191.0,2057168816.0
2021-10-29,13.03,13.07,13.18,12.78,653006.0,982349952.0
2021-11-01,13.05,13.04,13.33,12.62,665628.0,1000821600.0
2021-11-02,13.04,12.72,13.14,12.54,621608.0,923507360.0
2021-11-03,12.52,12.81,13.02,12.49,391991.0,580561392.0
2021-11-04,12.88,13.16,13.21,12.79,502178.0,757644016.0
2021-11-05,13.17,13.0,13.23,12.95,399032.0,602557392.0
2021-11-08,13.56,13.86,14.49,13.55,1187150.0,1904747632.0
2021-11-09,13.77,13.65,13.86,13.54,594966.0,933311792.0
2021-11-10,13.54,13.48,13.56,13.26,425655.0,655696672.0
2021-11-11,13.42,13.47,13.5,13.28,481305.0,741754800.0
2021-11-12,13.48,13.1,13.49,13.03,655174.0,995398368.0
2021-11-15,13.07,13.22,13.23,13.0,492718.0,746087424.0
2021-11-16,13.26,13.05,13.26,13.03,403044.0,611290352.0
2021-11-17,13.08,13.11,13.15,13.01,284325.0,429606224.0
2021-11-18,13.33,13.35,13.81,13.32,903268.0,1404749376.0
2021-11-19,13.25,14.07,14.27,13.17,1439304.0,2292797008.0
2021-11-22,14.4,14.23,14.6,14.07,1371268.0,2234620128.0
2021-11-23,14.1,14.34,14.44,13.98,895825.0,1460083232.0
2021-11-24,14.27,14.12,14.28,14.08,570707.0,923080976.0
2021-11-25,14.06,13.72,14.07,13.71,763624.0,1210779088.0
2021-11-26,13.62,13.63,13.84,13.57,428318.0,674128576.0
2021-11-29,13.37,13.34,13.45,13.17,536403.0,823806928.0
2021-11-30,13.7,13.4,13.7,13.19,646059.0,1000344384.0
2021-12-01,13.27,14.34,14.63,13.17,2514130.0,4057086272.0
2021-12-02,14.57,15.62,15.62,14.37,3549545.0,6097281792.0
2021-12-03,15.62,15.52,15.63,15.17,2025795.0,3539284288.0
2021-12-06,15.77,15.89,16.5,15.57,2627594.0,4732888320.0
2021-12-07,15.9,16.05,16.41,15.45,2672334.0,4813032192.0
2021-12-08,15.82,15.98,16.27,15.58,1651962.0,2969085136.0
2021-12-09,15.87,16.2,16.62,15.73,1849323.0,3381329792.0
2021-12-10,15.97,15.47,16.02,15.45,1959595.0,3469806256.0
2021-12-13,15.57,15.84,16.08,15.57,1557773.0,2789999296.0
2021-12-14,15.72,15.5,15.73,15.29,1220228.0,2134531552.0
2021-12-15,15.37,15.38,15.67,15.32,858177.0,1503123776.0
2021-12-16,15.4,16.79,16.95,15.27,2818013.0,5117651456.0
2021-12-17,16.47,16.23,16.68,16.17,1946321.0,3587824592.0
2021-12-20,16.23,16.32,17.02,16.12,2290209.0,4253974048.0
2021-12-21,16.15,16.29,16.51,16.07,1099173.0,2010760896.0
2021-12-22,16.3,16.22,16.7,15.79,1634816.0,2984818480.0
2021-12-23,16.06,16.51,16.76,16.0,1846777.0,3427621728.0
2021-12-24,16.51,16.23,16.87,16.17,1468006.0,2718688640.0
2021-12-27,16.33,17.01,17.06,16.33,2266075.0,4280213744.0
2021-12-28,16.96,16.49,16.96,16.35,1668083.0,3096842432.0
2021-12-29,16.35,16.5,16.63,16.11,1081656.0,1994662272.0
2021-12-30,16.34,16.24,16.53,16.17,1128041.0,2068169712.0
2021-12-31,16.15,15.86,16.32,15.74,1362046.0,2452083040.0
2022-01-04,15.9,15.66,15.97,15.49,1214436.0,2147727728.0
2022-01-05,15.66,15.83,15.9,15.47,1123590.0,1994235456.0
2022-01-06,15.58,15.89,16.13,15.49,1043824.0,1868875536.0
2022-01-07,15.89,15.73,16.22,15.63,1136754.0,2049182032.0
2022-01-10,16.03,16.03,16.42,15.92,956271.0,1735152720.0
2022-01-11,15.92,15.55,16.02,15.53,812187.0,1444639856.0
2022-01-12,15.55,15.47,15.72,15.28,882165.0,1542044304.0
2022-01-13,15.46,14.88,15.5,14.87,1070867.0,1831800192.0
2022-01-14,14.79,14.89,15.01,14.67,611532.0,1034001584.0
2022-01-17,14.85,14.94,15.01,14.67,504866.0,854692144.0
2022-01-18,14.97,15.15,15.27,14.84,622455.0,1064734816.0
2022-01-19,15.07,15.06,15.37,15.0,610096.0,1049194624.0
2022-01-20,14.97,14.76,15.04,14.45,812949.0,1361763760.0
2022-01-21,14.62,14.25,14.66,14.09,754156.0,1234360128.0
2022-01-24,14.17,14.3,14.41,14.04,371716.0,606019392.0
2022-01-25,14.17,13.63,14.28,13.63,660960.0,1051992560.0
2022-01-26,13.82,14.0,14.17,13.76,559121.0,895739488.0
2022-01-27,13.95,13.57,14.03,13.55,542124.0,854491680.0
2022-01-28,13.67,13.47,13.75,13.33,493767.0,769499424.0
2022-02-07,13.72,13.76,13.85,13.63,472981.0,746438608.0
2022-02-08,13.77,13.99,14.02,13.66,554813.0,881376912.0
2022-02-09,14.0,14.04,14.11,13.9,525978.0,843577328.0
2022-02-10,14.04,14.05,14.14,13.93,457521.0,734652608.0
2022-02-11,14.04,13.71,14.04,13.67,581950.0,923162352.0
2022-02-14,13.51,13.22,13.53,13.13,756980.0,1162590208.0
2022-02-15,13.25,13.33,13.4,13.13,466119.0,713208768.0
2022-02-16,13.41,13.53,13.63,13.37,518827.0,807440816.0
2022-02-17,13.47,13.5,13.57,13.37,380439.0,590336768.0
2022-02-18,13.37,13.61,13.61,13.28,381239.0,590931744.0
2022-02-21,13.57,13.55,13.57,13.38,355385.0,550965952.0
2022-02-22,13.4,13.25,13.44,13.17,497134.0,760726624.0
2022-02-23,13.37,13.62,13.63,13.36,587869.0,913301072.0
2022-02-24,13.47,13.29,13.9,13.09,931763.0,1445021392.0
2022-02-25,13.39,13.36,13.57,13.3,465943.0,720102784.0
2022-02-28,13.27,13.13,13.27,12.98,599887.0,905730320.0
2022-03-01,13.18,13.36,13.4,13.18,459402.0,704312256.0
2022-03-02,13.22,13.14,13.23,13.07,497688.0,754699952.0
2022-03-03,13.14,13.36,13.43,12.84,1234939.0,1869081584.0
2022-03-04,13.14,13.04,13.21,13.01,515878.0,779637808.0
2022-03-07,12.92,12.51,12.92,12.47,666647.0,979602128.0
2022-03-08,12.51,11.83,12.57,11.69,793845.0,1118502592.0
2022-03-09,11.89,11.43,12.02,10.82,792382.0,1066504496.0
2022-03-10,11.73,11.7,11.86,11.64,541970.0,746949776.0
2022-03-11,11.5,11.8,11.84,11.35,473936.0,646822528.0
2022-03-14,11.65,11.43,11.94,11.43,399329.0,547880576.0
2022-03-15,11.41,10.61,11.41,10.56,815708.0,1061425472.0
2022-03-16,10.85,10.99,11.06,10.28,697713.0,889809936.0
2022-03-17,11.37,11.38,11.6,11.15,781865.0,1047939248.0
2022-03-18,11.27,11.47,11.52,11.22,526569.0,707601488.0
2022-03-21,11.55,11.5,11.72,11.34,490871.0,666289184.0
2022-03-22,11.44,11.72,11.85,11.37,592783.0,814858512.0
2022-03-23,12.27,12.13,12.54,12.04,1071887.0,1530231184.0
2022-03-24,12.07,11.98,12.51,11.91,786803.0,1120174960.0
2022-03-25,11.89,11.56,11.94,11.55,648904.0,892887408.0
2022-03-28,11.44,11.48,11.6,11.19,400045.0,537263104.0
2022-03-29,11.52,11.3,11.57,11.29,297557.0,399236480.0
2022-03-30,11.46,11.65,11.65,11.39,398176.0,540765264.0
2022-03-31,11.48,11.32,11.51,11.31,457223.0,613544144.0
2022-04-01,11.15,11.42,11.44,11.06,373314.0,497879936.0
2022-04-06,11.42,11.36,11.49,11.21,446499.0,596232880.0
2022-04-07,11.29,10.94,11.4,10.93,576386.0,758560416.0
2022-04-08,11.05,11.26,11.39,10.72,713930.0,935694880.0
2022-04-11,11.17,10.57,11.26,10.51,709691.0,909230256.0
2022-04-12,10.56,10.75,10.78,10.3,527849.0,664015296.0
2022-04-13,10.64,10.56,10.77,10.43,323109.0,408344912.0
2022-04-14,10.65,10.69,10.81,10.56,374002.0,476158992.0
2022-04-15,10.57,10.62,10.76,10.51,325188.0,411059888.0
2022-04-18,10.55,10.29,10.55,10.24,546799.0,676426032.0
2022-04-19,10.32,10.39,10.84,10.29,649141.0,813828576.0
2022-04-20,10.45,10.27,10.46,10.19,463822.0,572277824.0
2022-04-21,10.21,9.78,10.21,9.74,603266.0,721581264.0
2022-04-22,9.67,9.73,9.87,9.36,497510.0,579537488.0
2022-04-25,9.46,8.71,9.46,8.68,798398.0,890200176.0
2022-04-26,8.74,8.58,9.02,8.55,734485.0,795333296.0
2022-04-27,8.47,8.84,8.85,8.31,715048.0,760883344.0
2022-04-28,8.73,8.82,9.03,8.65,613308.0,666038704.0
2022-04-29,8.97,9.16,9.25,8.84,719071.0,797338976.0
2022-05-05,8.98,9.05,9.19,8.88,633421.0,700534912.0
2022-05-06,8.77,8.69,8.8,8.64,482145.0,518127280.0
2022-05-09,8.68,8.6,8.81,8.56,315936.0,337743536.0
2022-05-10,8.41,8.65,8.69,8.18,543230.0,570343232.0
2022-05-11,8.63,8.77,9.03,8.6,643241.0,698769040.0
2022-05-12,8.68,8.67,8.76,8.54,408372.0,436350512.0
2022-05-13,8.7,8.88,8.97,8.66,599550.0,650617456.0
2022-05-16,8.94,8.78,9.01,8.74,393390.0,427242464.0
2022-05-17,8.78,9.27,9.47,8.67,1197682.0,1338923472.0
2022-05-18,9.17,9.41,9.56,9.13,989596.0,1130502080.0
2022-05-19,9.2,9.43,9.45,9.16,624863.0,708915856.0
2022-05-20,9.86,9.71,9.93,9.49,859830.0,1007839568.0
2022-05-23,9.69,9.67,9.8,9.52,560664.0,654547328.0
2022-05-24,9.7,9.54,10.05,9.52,1089643.0,1288806096.0
2022-05-25,9.53,9.65,9.67,9.45,477058.0,552767616.0
2022-05-26,9.65,9.77,9.93,9.48,596508.0,701491712.0
2022-05-27,9.8,9.69,9.93,9.61,504598.0,595278576.0
2022-05-30,9.76,9.8,9.9,9.65,494099.0,584197376.0
2022-05-31,9.85,10.08,10.14,9.75,833015.0,1003682912.0
2022-06-01,10.05,10.01,10.2,9.92,543290.0,655365520.0
2022-06-02,9.98,10.18,10.22,9.92,546712.0,663574848.0
2022-06-06,10.18,10.2,10.24,10.07,537651.0,655280160.0
2022-06-07,10.2,9.98,10.21,9.88,666007.0,800516480.0
2022-06-08,9.97,10.04,10.06,9.73,586835.0,701962912.0
2022-06-09,10.14,9.83,10.17,9.79,523688.0,628285424.0
2022-06-10,9.75,10.12,10.16,9.73,599227.0,722243056.0
2022-06-13,10.06,10.62,10.97,10.02,1486572.0,1893838432.0
2022-06-14,10.5,10.81,10.82,10.24,916207.0,1150444528.0
2022-06-15,10.82,10.72,11.03,10.67,1010880.0,1301022800.0
2022-06-16,10.75,10.5,10.88,10.44,671199.0,847896144.0
2022-06-17,10.38,10.61,10.68,10.34,465270.0,585869152.0
2022-06-20,10.67,10.55,10.74,10.52,472138.0,596205696.0
2022-06-21,10.57,10.49,10.59,10.3,483285.0,603668064.0
2022-06-22,10.49,10.12,10.57,10.07,631390.0,779267664.0
2022-06-23,10.11,10.58,10.65,10.11,848780.0,1059816240.0
2022-06-24,10.57,10.56,10.62,10.42,545235.0,683941792.0
2022-06-27,10.62,10.63,10.74,10.51,642636.0,811971728.0
2022-06-28,10.63,10.88,10.96,10.57,801984.0,1029804880.0
2022-06-29,10.86,10.48,10.87,10.45,684235.0,867451072.0
2022-06-30,10.47,10.44,10.55,10.37,496960.0,620374048.0
2022-07-01,10.46,10.83,10.95,10.37,912073.0,1165602976.0
2022-07-04,10.68,10.66,10.75,10.59,555011.0,703702896.0
2022-07-05,10.72,10.4,10.74,10.23,716286.0,892156992.0
2022-07-06,10.39,10.11,10.39,10.01,513594.0,626017840.0
2022-07-07,10.15,10.58,10.77,10.07,816242.0,1021561168.0
2022-07-08,10.59,10.89,11.25,10.59,1461876.0,1905903504.0
2022-07-11,10.93,10.42,10.93,10.32,835154.0,1045403552.0
2022-07-12,10.41,10.18,10.47,10.18,419104.0,516362024.04
2022-07-13,10.19,10.21,10.28,10.1,383963.0,469617381.37
2022-07-14,10.22,10.33,10.47,10.07,525559.0,647591265.63
2022-07-15,10.03,9.83,10.1,9.83,808756.0,969879744.21
2022-07-18,9.79,10.16,10.18,9.78,429274.0,517527891.72
2022-07-19,10.16,10.29,10.55,10.13,475148.0,587949183.34
2022-07-20,10.36,10.26,10.43,10.19,295050.0,362255003.62
2022-07-21,10.23,10.17,10.32,10.12,323393.0,396126238.76
2022-07-22,10.24,10.14,10.39,10.02,348920.0,426286279.62
2022-07-25,10.14,9.97,10.14,9.92,374840.0,450926325.52
2022-07-26,9.97,10.0,10.03,9.84,265775.0,318154927.94
2022-07-27,10.01,9.94,10.05,9.92,241412.0,289831026.17
2022-07-28,10.0,10.07,10.18,9.99,329394.0,399257371.83
2022-07-29,10.12,9.94,10.23,9.93,339126.0,409168483.19
2022-08-01,9.88,10.1,10.2,9.77,436272.0,523694159.84
2022-08-02,9.97,9.54,9.97,9.43,608112.0,709101943.68
2022-08-03,9.49,9.48,9.88,9.45,464568.0,544472917.66
2022-08-04,9.58,9.56,9.66,9.42,296810.0,343094630.84
2022-08-05,9.56,9.78,9.83,9.55,366361.0,430125141.36
2022-08-08,9.77,9.86,9.89,9.7,236472.0,280499267.71
2022-08-09,9.87,9.87,10.06,9.86,280889.0,336249725.62
2022-08-10,9.81,9.74,9.91,9.7,282869.0,334095990.71
2022-08-11,9.82,9.97,9.99,9.74,379639.0,452478903.61
2022-08-12,9.95,9.93,10.02,9.91,220170.0,263814000.67
2022-08-15,9.93,9.92,10.01,9.84,269439.0,321950172.82
2022-08-16,9.87,9.84,9.94,9.81,276167.0,328559360.49
2022-08-17,9.81,9.96,9.96,9.68,391716.0,465000140.6
2022-08-18,9.91,9.74,9.92,9.7,328841.0,388209646.9
2022-08-19,9.76,9.61,9.76,9.6,289186.0,338255764.28
2022-08-22,9.6,9.67,9.69,9.47,269072.0,312704972.04
2022-08-23,9.6,9.56,9.63,9.55,229541.0,266410628.3
2022-08-24,9.56,9.31,9.61,9.27,406221.0,463997672.75
2022-08-25,9.31,9.35,9.41,9.17,235154.0,266405438.45
2022-08-26,9.43,9.57,9.8,9.4,441904.0,505918346.53
2022-08-29,9.47,9.77,9.86,9.44,460741.0,532970602.52
2022-08-30,9.67,9.62,9.75,9.6,253006.0,290710523.72
2022-08-31,9.59,9.78,9.9,9.4,461456.0,531350781.16
2022-09-01,9.78,9.65,9.85,9.64,263764.0,305950293.53
2022-09-02,9.68,9.62,9.78,9.54,215957.0,247661934.07
2022-09-05,9.61,9.66,9.72,9.54,204305.0,234728506.0
2022-09-06,9.73,9.75,9.79,9.69,226770.0,262600392.04
2022-09-07,9.75,9.64,9.75,9.62,210148.0,242171319.41
2022-09-08,9.64,9.66,9.87,9.62,292242.0,338448155.76
2022-09-09,9.72,9.71,9.73,9.57,245444.0,282576160.73
2022-09-13,9.71,9.73,9.8,9.69,206639.0,239554127.22
2022-09-14,9.6,9.45,9.61,9.45,305757.0,347543270.89
2022-09-15,9.54,9.34,9.54,9.23,360242.0,403248451.2
2022-09-16,9.2,8.88,9.3,8.88,404643.0,441768277.27
2022-09-19,8.88,8.75,8.96,8.66,216550.0,231057974.01
2022-09-20,8.84,8.76,8.87,8.74,132785.0,141460301.72
2022-09-21,8.73,8.82,8.9,8.56,197586.0,209465404.4
2022-09-22,8.76,8.65,8.81,8.64,181452.0,191658658.1
2022-09-23,8.66,8.49,8.71,8.4,230810.0,239670551.61
2022-09-26,8.4,8.24,8.48,8.22,243141.0,248358113.01
2022-09-27,8.21,8.33,8.35,8.13,283482.0,285848166.26
2022-09-28,8.3,7.91,8.3,7.91,472163.0,469389283.43
2022-09-29,7.99,7.75,8.04,7.74,430318.0,417180377.85
2022-09-30,7.74,7.77,7.88,7.73,281458.0,272061160.25
2022-10-10,7.75,7.45,7.82,7.41,336394.0,318446100.91
2022-10-11,7.45,7.45,7.55,7.43,240662.0,224454655.25
2022-10-12,7.46,7.68,7.68,7.25,431891.0,401717797.46
2022-10-13,7.64,7.5,7.64,7.48,471587.0,442639380.25
2022-10-14,7.57,7.79,7.86,7.56,542127.0,519778298.28
2022-10-17,7.75,7.93,7.97,7.72,326445.0,316942853.3
2022-10-18,7.96,7.91,8.04,7.89,316357.0,310132105.99
2022-10-19,7.92,7.85,8.05,7.85,285259.0,279243727.88
2022-10-20,7.81,7.79,7.92,7.7,305623.0,294821302.23
2022-10-21,7.85,7.76,7.89,7.72,220552.0,210799856.81
2022-10-24,7.78,7.48,7.87,7.45,372989.0,349784133.33
2022-10-25,7.48,7.63,7.69,7.37,322081.0,299549222.01
2022-10-26,7.64,7.7,7.79,7.63,302155.0,285728802.7
2022-10-27,7.75,7.84,7.95,7.7,380053.0,365054466.65
2022-10-28,7.85,7.45,7.85,7.43,402334.0,375321017.46
2022-10-31,7.36,7.33,7.54,7.26,354198.0,322736656.0
2022-11-01,7.36,7.93,7.94,7.35,616794.0,583089194.49
2022-11-02,7.92,8.0,8.1,7.88,431236.0,419723907.61
2022-11-03,7.93,8.04,8.14,7.88,356587.0,348420516.31
2022-11-04,8.11,8.31,8.48,8.07,631859.0,636303658.6
2022-11-07,8.28,8.26,8.34,8.19,319347.0,319964978.3
2022-11-08,8.3,8.2,8.3,8.09,261265.0,259263601.85
2022-11-09,8.21,8.19,8.27,8.17,186449.0,185790412.48
2022-11-10,8.1,8.17,8.21,8.05,182483.0,180344803.04
2022-11-11,8.4,8.46,8.51,8.26,557583.0,566130350.49
2022-11-14,8.47,8.73,8.85,8.47,641815.0,671549517.26
2022-11-15,8.73,8.75,8.81,8.63,328629.0,344280738.66
2022-11-16,8.78,8.67,8.81,8.63,235589.0,246467797.42
2022-11-17,8.62,8.61,8.72,8.5,295226.0,305152233.63
2022-11-18,8.62,8.59,8.75,8.56,219111.0,227670884.76
2022-11-21,8.55,8.56,8.61,8.4,224185.0,229913036.63
2022-11-22,8.69,8.64,8.78,8.54,341673.0,355725259.92
2022-11-23,8.65,8.61,8.75,8.6,264053.0,274939308.66
2022-11-24,8.7,8.64,8.76,8.61,174538.0,181758490.5
2022-11-25,8.59,8.85,8.9,8.57,457887.0,483228276.8
2022-11-28,8.69,8.62,8.74,8.52,323396.0,334775083.49
2022-11-29,8.63,8.86,8.86,8.63,385170.0,405854293.51
2022-11-30,8.86,8.98,9.07,8.82,459687.0,492980992.82
2022-12-01,9.12,9.03,9.31,9.01,487603.0,530773710.58
2022-12-02,8.97,8.81,9.08,8.76,452889.0,480529051.79
2022-12-05,8.85,9.12,9.18,8.85,435951.0,470490301.24
2022-12-06,9.16,9.2,9.28,9.1,369803.0,405178359.25
2022-12-07,9.15,9.07,9.22,8.99,297402.0,322755512.77
2022-12-08,9.08,9.09,9.17,9.01,223804.0,242996938.64
2022-12-09,9.09,9.16,9.18,9.02,262547.0,285208310.43
2022-12-12,9.16,9.01,9.16,8.98,302627.0,326578666.47
2022-12-13,9.04,9.09,9.14,9.02,231047.0,250276707.69
2022-12-14,9.08,9.18,9.37,9.05,332735.0,365409310.74
2022-12-15,9.15,9.07,9.21,9.0,261367.0,283009032.84
2022-12-16,8.96,9.07,9.15,8.96,202488.0,218624014.27
2022-12-19,9.11,8.85,9.2,8.81,301803.0,323185009.46
2022-12-20,8.85,8.77,8.89,8.71,226242.0,238214422.4
2022-12-21,8.76,8.7,8.81,8.65,178375.0,186825891.97
2022-12-22,8.77,8.72,8.88,8.68,190690.0,200847728.9
2022-12-23,8.65,8.56,8.72,8.51,185354.0,191965605.6
2022-12-26,8.58,8.54,8.65,8.49,160519.0,165587926.92
2022-12-27,8.54,8.62,8.66,8.5,170219.0,176192358.36
2022-12-28,8.62,8.4,8.62,8.39,256267.0,261461044.49
2022-12-29,8.36,8.38,8.43,8.28,188346.0,190451746.42
2022-12-30,8.45,8.43,8.56,8.39,176517.0,180548244.75
2023-01-03,8.43,8.52,8.53,8.31,270792.0,275388858.71
2023-01-04,8.53,8.64,8.69,8.5,251436.0,259982027.45
2023-01-05,8.68,8.95,8.97,8.66,505577.0,536804388.94
2023-01-06,8.93,8.9,9.0,8.83,228531.0,243298079.44
2023-01-09,9.02,9.12,9.15,8.96,335810.0,364382106.52
2023-01-10,9.1,8.98,9.12,8.95,263890.0,284127741.54
2023-01-11,8.98,8.93,9.06,8.9,177531.0,190461043.1
2023-01-12,8.95,9.0,9.05,8.92,183899.0,197514304.68
2023-01-13,9.02,9.18,9.18,8.99,320798.0,348471157.77
2023-01-16,9.23,9.22,9.37,9.15,369004.0,406851508.88
2023-01-17,9.23,9.19,9.28,9.13,214994.0,235210450.25
2023-01-18,9.22,9.2,9.32,9.15,192193.0,210905899.18
2023-01-19,9.21,9.3,9.31,9.11,256756.0,281735978.27
2023-01-20,9.32,9.32,9.35,9.25,222858.0,246273344.41
2023-01-30,9.5,9.49,9.58,9.39,472016.0,530325551.69
2023-01-31,9.49,9.46,9.6,9.43,334279.0,375868839.52
2023-02-01,9.5,9.75,9.75,9.49,434182.0,493852094.87
2023-02-02,9.82,9.7,9.9,9.68,408627.0,471775452.64
2023-02-03,9.65,9.83,9.92,9.46,578334.0,661951145.53
2023-02-06,9.87,9.93,10.22,9.67,879509.0,1034913144.02
2023-02-07,9.93,10.08,10.14,9.93,412902.0,487008879.49
2023-02-08,10.12,10.17,10.3,9.98,503466.0,599616608.56
2023-02-09,10.15,10.01,10.16,9.95,607683.0,715547907.21
2023-02-10,9.95,10.0,10.06,9.89,274711.0,322655553.54
2023-02-13,10.03,10.62,10.87,10.01,1478415.0,1822089531.15
2023-02-14,10.64,10.66,10.77,10.53,512968.0,635140803.34
2023-02-15,10.66,10.69,10.9,10.65,499895.0,626584413.11
2023-02-16,10.69,10.37,10.72,10.26,474525.0,581420244.87
2023-02-17,10.41,10.49,10.71,10.4,500032.0,615538758.05
2023-02-20,10.95,11.16,11.36,10.78,1782488.0,2299563574.72
2023-02-21,11.15,11.23,11.43,11.08,762240.0,992269827.12
2023-02-22,11.13,11.08,11.17,10.93,565015.0,723656652.39
2023-02-23,11.07,10.94,11.17,10.94,434202.0,555229812.68
2023-02-24,10.95,10.78,11.0,10.73,407663.0,511992429.24
2023-02-27,10.74,10.61,10.77,10.56,406270.0,503781145.13
2023-02-28,10.63,10.69,10.71,10.52,289522.0,357933738.11
2023-03-01,10.71,10.72,10.82,10.58,396356.0,494143479.79
2023-03-02,10.7,10.83,11.05,10.69,448605.0,568183203.34
2023-03-03,10.84,10.75,10.9,10.65,290779.0,363345745.88
2023-03-06,10.79,10.43,10.79,10.28,692417.0,843709938.9
2023-03-07,10.39,10.29,10.58,10.28,470322.0,572197164.64
2023-03-08,10.26,10.22,10.28,10.12,372645.0,445028788.05
2023-03-09,10.27,10.15,10.34,10.08,270678.0,323278265.5
2023-03-10,10.08,9.85,10.08,9.81,504586.0,587917818.97
2023-03-13,9.83,9.89,9.97,9.75,293239.0,339955238.99
2023-03-14,9.88,9.91,10.04,9.77,391893.0,456967526.55
2023-03-15,9.99,10.1,10.22,9.95,350941.0,415464529.04
2023-03-16,10.02,9.89,10.08,9.83,275601.0,322343089.72
2023-03-17,10.1,9.91,10.14,9.83,358415.0,420977780.61
2023-03-20,9.91,9.81,10.08,9.8,380390.0,444445394.27
2023-03-21,9.85,9.86,9.91,9.75,245510.0,284161375.13
2023-03-22,9.93,10.1,10.18,9.86,441360.0,521987581.26
2023-03-23,10.04,10.05,10.1,9.98,267533.0,315173385.2
2023-03-24,10.08,9.8,10.1,9.61,812217.0,937159159.25
2023-03-27,9.81,10.15,10.18,9.7,660632.0,779166659.73
2023-03-28,10.15,10.46,10.55,10.15,651174.0,792494733.82
2023-03-29,10.45,10.6,10.63,10.42,514174.0,632313651.11
2023-03-30,10.61,10.52,10.61,10.3,460186.0,560152506.6
2023-03-31,10.62,10.86,10.91,10.59,626124.0,787353681.8
2023-04-03,10.9,10.95,11.08,10.85,511598.0,649551449.41
2023-04-04,11.03,10.96,11.05,10.86,409348.0,520096450.03
2023-04-06,10.9,10.77,10.99,10.65,444376.0,557531768.07
2023-04-07,10.78,10.66,10.86,10.65,274838.0,343088769.96
2023-04-10,10.67,10.49,10.73,10.45,324716.0,399108896.94
2023-04-11,10.5,10.57,10.58,10.45,315588.0,387119945.84
2023-04-12,10.57,10.39,10.57,10.38,378587.0,462061649.23
2023-04-13,10.38,10.05,10.41,9.98,564548.0,672179116.94
2023-04-14,10.11,10.1,10.18,10.02,313922.0,371887711.61
2023-04-17,10.11,10.2,10.25,10.05,323822.0,385724512.2
2023-04-18,10.19,10.25,10.28,10.14,257630.0,308288752.22
2023-04-19,10.23,9.91,10.23,9.87,457998.0,537562532.6
2023-04-20,9.99,10.04,10.07,9.9,295993.0,347518597.37
2023-04-21,10.02,9.69,10.08,9.62,480980.0,555335588.4
2023-04-24,9.69,9.55,9.75,9.49,325739.0,369183635.12
2023-04-25,9.57,9.47,9.62,9.4,266947.0,300153203.59
2023-04-26,9.44,9.59,9.7,9.42,228318.0,258964554.65
2023-04-27,9.57,9.48,9.6,9.41,270196.0,303242638.02
2023-04-28,9.58,9.77,9.78,9.55,268480.0,307653052.04
2023-05-04,10.17,10.92,10.92,10.17,1551777.0,1936770631.3
2023-05-05,11.17,11.05,11.32,10.92,1447001.0,1858542367.42
2023-05-08,11.03,11.26,11.3,11.0,977472.0,1269137956.54
2023-05-09,11.24,10.87,11.24,10.86,797015.0,1020505091.92
2023-05-10,10.95,10.95,11.08,10.69,761763.0,963181662.6
2023-05-11,10.99,10.79,11.0,10.78,346772.0,437777831.64
2023-05-12,10.75,10.43,10.81,10.43,500537.0,616054058.02
2023-05-15,10.73,10.78,10.9,10.45,533601.0,660347590.8
2023-05-16,10.71,10.65,10.81,10.57,333479.0,414426888.42
2023-05-17,10.65,10.58,10.74,10.49,328945.0,405547036.38
2023-05-18,10.58,10.51,10.62,10.45,314149.0,385075587.82
2023-05-19,10.55,10.33,10.55,10.33,318570.0,387338531.44
2023-05-22,10.38,10.29,10.39,10.2,295584.0,355861849.02
2023-05-23,10.29,10.18,10.35,10.18,252525.0,303445267.38
2023-05-24,10.15,10.01,10.26,9.91,349719.0,414627028.15
2023-05-25,9.96,9.92,10.07,9.8,305289.0,356304038.66
2023-05-26,9.93,10.02,10.04,9.82,231144.0,270049045.22
2023-05-29,10.02,9.81,10.04,9.77,317613.0,368474402.19
2023-05-30,9.77,9.87,9.91,9.57,272303.0,314250302.51
2023-05-31,9.82,9.81,9.97,9.73,385056.0,446354082.43
2023-06-01,9.81,10.02,10.18,9.79,432481.0,509416147.87
2023-06-02,10.05,10.13,10.2,10.05,277234.0,329616897.78
2023-06-05,10.24,10.1,10.35,10.06,302630.0,360921547.67
2023-06-06,10.07,9.92,10.21,9.88,287728.0,339112913.01
2023-06-07,9.92,9.79,9.97,9.78,191345.0,221711271.03
2023-06-08,9.79,9.91,9.98,9.75,210255.0,244025437.92
2023-06-09,9.9,10.07,10.07,9.86,273930.0,320989710.03
2023-06-12,10.01,10.19,10.22,9.9,384830.0,456128963.76
2023-06-13,10.16,10.29,10.29,10.11,297289.0,355668215.7
2023-06-14,10.33,10.31,10.42,10.25,313860.0,379614202.41
2023-06-15,10.33,10.49,10.53,10.3,287238.0,350539317.32
2023-06-16,10.49,10.59,10.62,10.46,302216.0,371754676.38
2023-06-19,10.57,10.48,10.62,10.45,325118.0,398302840.05
2023-06-20,10.5,10.37,10.53,10.36,276407.0,336753416.08
2023-06-21,10.36,10.42,10.58,10.31,327649.0,399677139.91
2023-06-26,10.18,10.16,10.35,10.11,376659.0,450901970.51
2023-06-27,10.17,10.55,10.66,10.15,482494.0,590509587.68
2023-06-28,10.53,10.62,10.72,10.46,398248.0,491962912.34
2023-06-29,10.59,10.71,10.73,10.52,354005.0,439541499.16
2023-06-30,10.65,10.71,10.82,10.6,336911.0,420397020.0
2023-07-03,11.23,11.14,11.25,11.01,962099.0,1239168734.16
2023-07-04,11.14,11.07,11.23,11.0,519510.0,667025883.31
2023-07-05,11.06,10.98,11.12,10.95,390344.0,497984598.38
2023-07-06,10.97,10.96,11.14,10.85,437547.0,556371502.6
2023-07-07,10.9,10.9,10.96,10.81,264197.0,334000523.11
2023-07-10,10.92,10.98,11.15,10.89,372108.0,474082977.96
2023-07-11,10.97,11.11,11.13,10.94,369618.0,473480318.52
2023-07-12,11.13,10.91,11.29,10.87,481576.0,617355422.85
2023-07-13,10.88,10.91,11.0,10.87,338058.0,428193154.93
2023-07-14,10.88,10.87,10.95,10.78,333177.0,420087853.28
2023-07-17,10.87,10.91,10.95,10.79,250969.0,317171341.01
2023-07-18,10.91,10.97,11.03,10.87,320035.0,406926153.77
2023-07-19,10.93,11.0,11.02,10.9,221589.0,281744804.87
2023-07-20,11.0,10.85,11.13,10.82,266253.0,338645710.06
2023-07-21,10.83,10.8,10.93,10.73,225633.0,283496392.05
2023-07-24,10.8,10.82,10.88,10.74,187609.0,235851158.21
2023-07-25,10.94,11.06,11.17,10.94,415689.0,533174731.64
2023-07-26,11.03,10.81,11.09,10.79,348292.0,440779072.52
2023-07-27,10.85,10.77,10.97,10.77,204076.0,257497595.76
2023-07-28,10.74,11.18,11.24,10.66,609490.0,782127080.72
2023-07-31,11.23,11.45,11.49,11.23,735010.0,968842619.07
2023-08-01,11.38,11.25,11.45,11.25,396662.0,518678085.0
2023-08-02,11.23,11.25,11.37,11.18,255154.0,332105126.09
2023-08-03,11.18,11.21,11.25,11.08,237246.0,306486576.97
2023-08-04,11.26,11.25,11.4,11.24,284801.0,371513362.75
2023-08-07,11.23,11.24,11.29,11.15,210303.0,272898567.87
2023-08-08,11.24,11.08,11.27,11.02,220526.0,283785472.43
2023-08-09,11.08,11.03,11.15,11.0,218696.0,279913729.19
2023-08-10,11.03,11.04,11.13,10.91,264463.0,337658732.67
2023-08-11,11.04,10.55,11.04,10.51,567720.0,704736866.65
2023-08-14,10.42,10.49,10.55,10.23,319527.0,388273245.2
2023-08-15,10.49,10.43,10.59,10.34,222728.0,272062454.47
2023-08-16,10.4,10.36,10.47,10.26,201923.0,244623383.8
2023-08-17,10.32,10.51,10.52,10.23,211543.0,257234779.68
2023-08-18,10.49,10.35,10.6,10.35,171727.0,209823935.43
2023-08-21,10.34,10.17,10.47,10.17,222219.0,268026177.34
2023-08-22,10.23,10.21,10.35,10.07,258674.0,309144770.28
2023-08-23,10.22,10.06,10.27,10.06,169809.0,202040992.72
2023-08-24,10.08,10.06,10.18,10.02,193427.0,229169853.11
2023-08-25,10.09,10.02,10.16,9.99,220251.0,256515470.19
2023-08-28,10.66,10.31,10.7,10.27,494242.0,595818260.23
2023-08-29,10.34,10.27,10.42,10.24,477540.0,568237506.88
2023-08-30,10.28,10.2,10.33,10.17,290802.0,343822173.07
2023-08-31,10.34,10.21,10.49,10.21,378632.0,451185963.85
2023-09-01,10.29,10.5,10.51,10.29,437873.0,525953615.89
2023-09-04,10.6,11.01,11.03,10.57,720292.0,900096215.65
2023-09-05,10.93,10.96,11.04,10.92,339305.0,425896887.19
2023-09-06,10.91,10.8,10.96,10.76,248809.0,308627837.11
2023-09-07,10.81,10.68,10.83,10.66,241704.0,297730441.44
2023-09-08,10.63,10.44,10.72,10.43,300887.0,364132476.11
2023-09-11,10.52,10.71,10.78,10.52,293602.0,359957685.7
2023-09-12,10.75,10.71,10.77,10.66,213204.0,262372595.94
2023-09-13,10.71,10.57,10.75,10.51,196720.0,239737318.31
2023-09-14,10.57,10.53,10.61,10.45,192679.0,233340065.08
2023-09-15,10.59,10.52,10.67,10.47,256792.0,312002783.95
2023-09-18,10.51,10.61,10.64,10.44,194620.0,236803389.33
2023-09-19,10.63,10.65,10.68,10.48,205987.0,251073470.08
2023-09-20,10.62,10.64,10.68,10.54,167954.0,205289369.46
2023-09-21,10.57,10.49,10.66,10.47,229610.0,278296662.61
2023-09-22,10.64,10.76,10.89,10.56,449312.0,552664060.2
2023-09-25,10.76,10.95,11.07,10.72,584626.0,732152645.04
2023-09-26,10.92,11.14,11.24,10.9,625605.0,797467361.55
2023-09-27,11.14,11.02,11.15,10.98,324892.0,410495492.39
2023-09-28,11.03,10.94,11.11,10.93,261808.0,329530314.65
2023-10-09,10.94,11.07,11.19,10.85,419610.0,529483811.84
2023-10-10,11.07,10.96,11.13,10.92,267191.0,336300539.04
2023-10-11,11.06,11.09,11.18,11.01,295000.0,374669691.7
2023-10-12,11.1,11.22,11.25,11.07,328532.0,420169712.98
2023-10-13,11.19,11.23,11.26,11.14,283701.0,363487117.21
2023-10-16,11.41,11.82,11.96,11.41,1535296.0,2046310284.59
2023-10-17,11.8,11.77,11.98,11.67,724733.0,970569425.1
2023-10-18,11.75,11.75,11.96,11.71,708173.0,951769387.1
2023-10-19,11.66,11.59,11.79,11.56,648841.0,859847941.38
2023-10-20,11.59,11.5,11.69,11.42,487446.0,638559526.58
2023-10-23,11.42,11.41,11.66,11.29,455022.0,594427591.24
2023-10-24,11.44,11.4,11.51,11.27,646672.0,838317660.46
2023-10-25,12.21,12.55,12.7,12.1,2178893.0,3088142663.73
2023-10-26,12.33,12.5,12.58,12.07,1006686.0,1402060401.91
2023-10-27,12.68,12.53,12.83,12.43,848722.0,1186019322.0
2023-10-30,12.44,12.43,12.57,12.35,568503.0,786030323.81
2023-10-31,12.52,12.51,12.7,12.36,618890.0,857668884.01
2023-11-01,12.45,12.69,12.75,12.38,800207.0,1119734935.42
2023-11-02,12.68,12.79,13.08,12.66,837902.0,1196381738.71
2023-11-03,12.79,12.73,12.88,12.7,433286.0,611991027.77
2023-11-06,12.76,12.75,12.84,12.6,549171.0,772550854.69
2023-11-07,12.76,12.82,12.94,12.64,560923.0,798368010.45
2023-11-08,12.76,12.76,12.78,12.6,392974.0,553166271.06
2023-11-09,12.76,12.77,12.9,12.66,305798.0,432982662.51
2023-11-10,12.72,12.81,12.86,12.6,372398.0,525273279.52
2023-11-13,12.86,12.64,12.86,12.58,471201.0,660553371.66
2023-11-14,12.63,12.65,12.73,12.58,261889.0,367457191.2
2023-11-15,12.78,13.06,13.06,12.74,564573.0,807242843.22
2023-11-16,13.06,13.0,13.14,12.92,364035.0,524468250.71
2023-11-17,13.0,13.21,13.26,12.95,472825.0,686347811.1
2023-11-20,13.27,13.41,13.48,13.17,595162.0,877026891.87
2023-11-21,13.41,13.44,13.78,13.36,755197.0,1129387949.67
2023-11-22,13.39,13.17,13.5,13.13,480780.0,705348992.36
2023-11-23,13.17,13.55,13.57,13.17,436620.0,645309034.5
2023-11-24,13.53,13.51,13.62,13.41,369425.0,550352130.94
2023-11-27,13.56,13.62,13.68,13.49,400984.0,599527613.33
2023-11-28,13.64,13.9,13.91,13.59,546179.0,828362677.62
2023-11-29,13.87,13.72,13.89,13.64,401898.0,607294727.14
2023-11-30,13.63,13.53,13.76,13.49,525753.0,786077449.73
2023-12-01,13.53,12.53,13.56,12.49,1564980.0,2226538405.26
2023-12-04,12.53,12.71,12.8,12.48,737218.0,1038213810.34
2023-12-05,12.7,12.65,12.84,12.58,438016.0,616557831.35
2023-12-06,12.63,12.73,12.88,12.51,391691.0,553767748.61
2023-12-07,12.73,12.62,12.85,12.53,319343.0,446978330.33
2023-12-08,12.63,12.55,12.7,12.53,373499.0,522088219.02
2023-12-11,12.52,12.6,12.65,12.33,369706.0,513385867.91
2023-12-12,12.62,12.69,12.73,12.5,284289.0,398143063.06
2023-12-13,12.73,12.62,12.76,12.58,280410.0,393711739.74
2023-12-14,12.63,12.35,12.71,12.34,392404.0,543707397.98
2023-12-15,12.37,12.29,12.42,12.24,315196.0,431545694.28
2023-12-18,12.24,12.18,12.29,12.09,350075.0,474925012.36
2023-12-19,12.2,12.19,12.2,11.88,332076.0,446197504.44
2023-12-20,12.21,12.03,12.29,11.99,233772.0,315442364.96
2023-12-21,11.96,12.09,12.18,11.92,318462.0,427701842.97
2023-12-22,12.11,12.1,12.25,12.04,291608.0,393871469.82
2023-12-25,12.07,12.36,12.38,12.05,259733.0,354259178.14
2023-12-26,12.32,12.3,12.41,12.21,217875.0,297775465.63
2023-12-27,12.32,12.29,12.39,12.18,240519.0,327931401.21
2023-12-28,12.29,12.15,12.33,12.06,410914.0,556294375.72
2023-12-29,12.15,12.28,12.49,12.13,391516.0,535339558.11
2024-01-02,12.3,12.51,12.68,12.24,497134.0,690350895.36
2024-01-03,12.45,12.64,12.79,12.39,599445.0,839756135.19
2024-01-04,12.64,12.75,12.83,12.57,428345.0,602671047.68
2024-01-05,12.78,12.78,13.08,12.7,515048.0,735846448.46
2024-01-08,12.87,12.61,12.98,12.56,412529.0,580715059.26
2024-01-09,12.61,12.73,12.8,12.57,323609.0,455705065.86
2024-01-10,12.65,12.66,12.84,12.5,312661.0,438715471.92
2024-01-11,12.66,12.73,12.91,12.52,412433.0,583670764.39
2024-01-12,12.78,13.07,13.21,12.76,558060.0,806078045.63
2024-01-15,13.0,13.2,13.32,12.9,471923.0,684590945.0
2024-01-16,13.13,13.59,13.76,13.13,791000.0,1180082455.16
2024-01-17,13.55,13.35,13.66,13.35,416549.0,618930123.1
2024-01-18,13.23,13.23,13.31,12.78,676312.0,973429267.5
2024-01-19,13.13,12.93,13.14,12.87,459580.0,660184662.99
2024-01-22,12.93,12.66,13.03,12.6,596877.0,850428021.66
2024-01-23,12.63,12.72,12.82,12.4,457184.0,639971823.6
2024-01-24,12.99,13.33,13.39,12.94,755257.0,1097480194.13
2024-01-25,13.29,13.72,13.78,13.28,645288.0,968752110.42
2024-01-26,13.74,13.79,13.89,13.6,479783.0,726243533.11
2024-01-29,13.79,13.65,13.95,13.64,472635.0,716258727.77
2024-01-30,13.6,13.56,13.8,13.53,507749.0,764450597.93
2024-01-31,13.54,13.4,13.76,13.38,436952.0,650650874.32
2024-02-01,13.4,13.66,13.89,13.33,542328.0,815949970.0
2024-02-02,13.68,13.59,13.84,13.21,529951.0,793937851.5
2024-02-05,13.43,13.73,13.86,13.38,873517.0,1312878914.83
2024-02-06,13.63,14.03,14.08,13.59,793399.0,1214780313.92
2024-02-07,13.95,14.1,14.31,13.89,967235.0,1494763778.01
2024-02-08,14.14,14.35,14.4,14.1,609842.0,956603967.82
2024-02-19,14.18,14.41,14.43,14.14,530869.0,833065001.48
2024-02-20,14.36,14.91,14.96,14.33,797457.0,1287705848.97
2024-02-21,14.95,14.81,15.15,14.79,637709.0,1041098351.23
2024-02-22,14.73,15.07,15.12,14.67,507200.0,829086785.63
2024-02-23,15.17,14.91,15.23,14.89,338656.0,553565764.88
2024-02-26,15.1,15.38,15.65,15.09,784846.0,1318478175.92
2024-02-27,15.37,15.31,15.42,15.13,477161.0,793896983.8
2024-02-28,15.31,14.6,15.31,14.53,904954.0,1454325948.3
2024-02-29,14.56,15.51,15.56,14.52,818100.0,1353398576.78
2024-03-01,15.63,14.96,15.67,14.87,824646.0,1355640983.28
2024-03-04,14.94,14.85,15.16,14.72,695055.0,1130372765.29
2024-03-05,14.88,15.01,15.11,14.69,596058.0,970683415.78
2024-03-06,15.0,15.06,15.29,14.96,484914.0,799137142.89
2024-03-07,15.03,15.18,15.33,15.02,454137.0,752522637.15
2024-03-08,15.18,15.23,15.41,15.14,369290.0,613788562.62
2024-03-11,15.24,14.96,15.38,14.73,507707.0,829063577.99
2024-03-12,14.95,14.52,15.0,14.33,886078.0,1405957134.69
2024-03-13,14.62,14.58,14.67,14.42,494850.0,788647024.29
2024-03-14,14.58,15.04,15.21,14.53,731094.0,1201748843.51
2024-03-15,15.05,15.05,15.11,14.83,318207.0,520550606.99
2024-03-18,15.06,15.18,15.31,15.05,344200.0,568904359.67
2024-03-19,15.11,14.86,15.13,14.67,550871.0,891874509.91
2024-03-20,14.83,14.77,15.01,14.69,372690.0,603592179.41
2024-03-21,14.77,14.65,14.84,14.57,338315.0,543758761.87
2024-03-22,14.67,14.68,14.74,14.5,346581.0,553629255.91
2024-03-25,14.65,14.9,15.12,14.61,508329.0,829216643.53
2024-03-26,14.94,15.14,15.21,14.79,525138.0,862863144.62
2024-03-27,15.19,14.71,15.21,14.71,395371.0,643065057.26
2024-03-28,14.59,14.94,15.13,14.58,457770.0,747138349.27
2024-03-29,14.86,15.32,15.4,14.86,439686.0,731124434.58
2024-04-01,15.49,15.8,15.84,15.47,714980.0,1220459059.1
2024-04-02,15.83,16.41,16.45,15.83,828661.0,1462811782.47
2024-04-03,16.41,16.4,16.47,16.25,430103.0,762402735.96
2024-04-08,16.28,16.38,16.66,16.24,420221.0,750027523.48
2024-04-09,16.43,16.15,16.48,15.93,489333.0,854402333.89
2024-04-10,16.08,16.18,16.35,16.02,250424.0,439805143.8
2024-04-11,16.13,16.53,16.76,16.04,522633.0,935204488.26
2024-04-12,16.44,16.53,16.66,16.41,334410.0,599489767.14
2024-04-15,16.5,17.02,17.13,16.43,718398.0,1309752160.19
2024-04-16,16.98,16.79,17.15,16.74,576121.0,1054661440.05
2024-04-17,16.88,17.12,17.12,16.58,497049.0,909448682.9
2024-04-18,17.07,17.02,17.38,16.94,472466.0,873651369.67
2024-04-19,16.93,17.12,17.19,16.91,329921.0,609030325.77
2024-04-22,17.22,16.79,17.65,16.76,735318.0,1361628605.96
2024-04-23,16.71,16.16,16.78,16.06,750607.0,1327980609.59
2024-04-24,15.9,16.42,16.45,15.9,439779.0,776734155.86
2024-04-25,16.39,16.17,16.52,16.08,280322.0,492567154.64
2024-04-26,16.25,16.29,16.39,16.02,453568.0,795592565.95
2024-04-29,16.32,16.37,16.46,16.01,539998.0,955027636.04
2024-04-30,16.45,16.02,16.53,15.9,678589.0,1190299070.59
2024-05-06,16.03,15.94,16.3,15.45,1263108.0,2161950695.45
2024-05-07,15.88,16.04,16.27,15.84,453638.0,791805222.81
2024-05-08,16.17,15.86,16.2,15.81,278053.0,481860307.25
2024-05-09,15.8,16.59,16.66,15.75,735196.0,1302081777.81
2024-05-10,16.49,16.42,16.8,16.26,564296.0,1008678033.23
2024-05-13,16.36,16.43,16.48,16.2,422004.0,748616836.33
2024-05-14,16.42,16.29,16.78,16.2,564281.0,1003555495.36
2024-05-15,16.28,16.61,16.94,16.22,652846.0,1179363212.51
2024-05-16,16.61,16.08,16.66,16.08,693037.0,1219505460.33
2024-05-17,16.06,15.82,16.31,15.63,519357.0,893949086.75
2024-05-20,15.73,15.21,15.81,14.67,1688861.0,2769355533.13
2024-05-21,15.13,15.43,15.49,15.08,755653.0,1264534977.11
2024-05-22,15.3,15.17,15.46,15.07,501686.0,831712211.44
2024-05-23,15.11,14.87,15.19,14.8,706810.0,1153363959.45
2024-05-24,14.79,14.85,14.99,14.64,510446.0,829763015.7
2024-05-27,14.87,15.22,15.29,14.77,803127.0,1319558373.15
2024-05-28,15.22,14.83,15.27,14.82,491141.0,801852569.65
2024-05-29,14.82,14.73,14.83,14.41,581194.0,930939563.34
2024-05-30,14.72,14.84,14.98,14.67,372097.0,603824567.92
2024-05-31,14.79,14.54,14.91,14.52,608188.0,974547563.65
2024-06-03,14.44,14.2,14.68,14.05,919515.0,1438810873.3
2024-06-04,14.14,14.53,14.65,13.93,726581.0,1142795030.7
2024-06-05,14.53,14.37,14.6,14.35,353747.0,560181878.3
2024-06-06,14.37,14.63,14.79,14.35,482464.0,773241976.08
2024-06-07,14.61,14.7,14.77,14.44,504411.0,806148882.0
2024-06-11,14.65,14.32,14.67,14.15,559909.0,879986928.69
2024-06-12,14.23,14.42,14.48,14.17,320975.0,505132345.32
2024-06-13,14.43,14.15,14.49,14.04,382585.0,594552251.72
2024-06-14,14.13,14.59,14.79,14.08,820385.0,1308513554.83
2024-06-17,14.48,14.37,14.76,14.31,492079.0,780482247.75
2024-06-18,14.37,14.42,14.45,13.81,682987.0,1057641296.99
2024-06-19,14.37,14.18,14.5,14.14,456832.0,716164070.38
2024-06-20,14.16,13.94,14.28,13.85,383769.0,590206443.56
2024-06-21,13.98,14.02,14.09,13.75,442479.0,678005128.67
2024-06-24,13.96,13.88,14.17,13.68,471565.0,717700619.68
2024-06-25,13.82,14.53,14.69,13.82,969159.0,1534691044.11
2024-06-26,14.48,14.75,14.76,14.29,588016.0,938431525.42
2024-06-27,14.69,14.78,15.03,14.61,775459.0,1256741589.0
2024-06-28,14.81,15.17,15.27,14.76,719753.0,1168152055.44
2024-07-01,15.11,14.64,15.12,14.39,959247.0,1506390575.86
2024-07-02,14.55,13.63,14.6,13.37,1615805.0,2388235245.21
2024-07-03,13.53,13.15,13.65,13.08,935479.0,1342199644.75
2024-07-04,13.21,13.17,13.52,13.11,708762.0,1017807171.33
2024-07-05,13.12,13.03,13.19,12.81,567520.0,797107315.53
2024-07-08,12.94,12.52,12.95,12.42,897712.0,1228388958.21
2024-07-09,12.63,13.13,13.13,12.59,867129.0,1215505599.73
2024-07-10,13.1,13.03,13.16,12.84,530688.0,746964634.63
2024-07-11,13.2,13.21,13.33,13.02,580685.0,827937127.55
2024-07-12,13.09,13.2,13.25,12.95,364861.0,518957141.42
2024-07-15,13.63,13.6,13.89,13.53,729861.0,1075501200.6
2024-07-16,13.59,12.9,13.77,12.86,1118862.0,1576614827.75
2024-07-17,12.83,12.74,12.86,12.62,663214.0,915790633.14
2024-07-18,12.68,12.77,12.88,12.58,533632.0,737324588.24
2024-07-19,12.7,12.83,13.0,12.67,550181.0,766329691.19
2024-07-22,12.73,12.42,12.78,12.31,757014.0,1023378765.82
2024-07-23,12.47,12.11,12.61,12.1,568439.0,759862609.51
2024-07-24,12.04,11.94,12.18,11.76,675771.0,878195485.4
2024-07-25,11.98,11.78,11.98,11.68,441319.0,566958417.6
2024-07-26,12.43,13.07,13.07,12.33,1493376.0,2077771175.73
2024-07-29,13.33,12.8,13.42,12.48,1504142.0,2086082903.15
2024-07-30,12.72,12.28,12.83,12.19,946200.0,1274750536.21
2024-07-31,12.24,12.73,12.81,12.18,998382.0,1365768563.32
2024-08-01,12.53,12.42,12.76,12.34,803184.0,1088524098.58
2024-08-02,12.29,12.03,12.39,11.96,846321.0,1115759649.99
2024-08-05,11.83,11.8,12.13,11.79,670256.0,872842090.94
2024-08-06,11.93,11.89,12.02,11.73,585701.0,758073936.8
2024-08-07,11.83,11.76,12.02,11.76,525234.0,679508598.14
2024-08-08,11.69,11.72,11.79,11.46,618354.0,785683853.53
2024-08-09,11.78,11.59,12.0,11.58,515504.0,661362519.01
2024-08-12,11.53,11.57,11.66,11.46,360762.0,455580694.25
2024-08-13,11.54,11.88,12.01,11.54,740170.0,956421099.88
2024-08-14,11.86,11.75,11.97,11.74,349752.0,450419081.64
2024-08-15,11.73,11.94,12.06,11.66,529880.0,688656072.53
2024-08-16,11.95,11.68,11.99,11.66,537263.0,689941675.06
2024-08-19,11.72,11.93,11.95,11.67,593480.0,770024628.74
2024-08-20,11.93,11.84,11.96,11.69,437016.0,561918335.62
2024-08-21,11.8,11.96,12.07,11.77,551490.0,718868733.13
2024-08-22,11.96,11.92,11.99,11.78,452503.0,586639461.93
2024-08-23,12.02,12.27,12.35,11.91,849016.0,1125073270.88
2024-08-26,12.31,11.99,12.39,11.9,762080.0,997624702.47
2024-08-27,11.95,11.78,11.96,11.73,466502.0,600617503.13
2024-08-28,11.73,11.74,11.82,11.64,433049.0,554138302.53
2024-08-29,11.69,11.62,11.75,11.58,611755.0,778652641.9
2024-08-30,11.59,11.89,12.11,11.35,1083173.0,1397072680.69
2024-09-02,11.83,11.62,11.83,11.52,709758.0,902662114.02
2024-09-03,11.57,11.58,11.64,11.47,531037.0,671326423.07
2024-09-04,11.52,11.53,11.68,11.31,563882.0,708817317.11
2024-09-05,11.56,11.69,11.76,11.54,471123.0,600362891.32
2024-09-06,11.67,11.43,11.74,11.42,459335.0,579730381.49
2024-09-09,11.33,11.11,11.39,11.03,639106.0,780564909.87
2024-09-10,11.07,11.06,11.13,10.88,512113.0,617268569.66
2024-09-11,11.0,10.85,11.02,10.76,581694.0,693476288.2
2024-09-12,10.85,10.7,11.07,10.67,495021.0,588979431.18
2024-09-13,10.71,10.65,10.82,10.57,379064.0,446498890.46
2024-09-18,10.65,10.96,11.02,10.6,496410.0,591622638.67
2024-09-19,10.98,11.56,11.66,10.83,958697.0,1196795862.95
2024-09-20,11.53,11.41,11.56,11.27,666814.0,833138426.28
2024-09-23,11.42,11.54,11.63,11.37,394000.0,497487816.67
2024-09-24,11.64,11.92,11.93,11.44,830477.0,1064497271.65
2024-09-25,12.15,12.06,12.48,12.03,964209.0,1284869036.93
2024-09-26,12.03,12.73,12.73,12.01,906367.0,1221427057.16
2024-09-27,13.15,13.49,13.68,12.99,1356057.0,1951706628.86
2024-09-30,14.11,14.8,14.91,13.76,1913367.0,2961878395.83
2024-10-08,16.37,14.88,16.37,14.46,2493707.0,4083079717.83
2024-10-09,14.53,13.41,14.53,13.32,1984430.0,2964034529.52
2024-10-10,13.43,13.78,14.1,13.42,1230974.0,1832039421.47
2024-10-11,13.78,13.24,13.88,13.09,944462.0,1365821077.19
2024-10-14,13.26,13.45,13.52,13.14,764256.0,1102436584.64
2024-10-15,13.41,12.77,13.42,12.74,1230058.0,1730843370.76
2024-10-16,12.67,12.66,12.77,12.52,893892.0,1224506106.24
2024-10-17,12.71,12.49,12.9,12.49,649328.0,892041547.16
2024-10-18,12.51,12.76,13.0,12.32,1172813.0,1563309659.13
2024-10-21,12.77,12.83,12.98,12.53,992387.0,1333190285.28
2024-10-22,12.8,12.84,12.92,12.71,1008442.0,1361907495.69
2024-10-23,12.88,12.95,13.04,12.71,1246610.0,1691533023.82
2024-10-24,12.95,12.63,12.95,12.63,854854.0,1147313743.15
2024-10-25,12.62,12.81,12.91,12.58,878845.0,1183295727.22
2024-10-28,12.79,13.05,13.05,12.73,1013931.0,1384545453.69
2024-10-29,13.08,12.72,13.14,12.7,968257.0,1314111304.17
2024-10-30,12.66,12.79,12.84,12.62,699052.0,940388936.35
2024-10-31,12.81,12.65,12.84,12.57,1122056.0,1502645354.76
2024-11-01,12.66,12.76,12.92,12.6,1095037.0,1480072844.03
2024-11-04,12.76,12.79,12.93,12.65,973254.0,1308466970.63
2024-11-05,12.76,13.09,13.19,12.63,1564982.0,2134415872.77
2024-11-06,13.1,13.08,13.25,12.98,1354544.0,1870899666.29
2024-11-07,13.0,13.59,13.59,12.91,1735248.0,2441510155.28
2024-11-08,13.71,13.44,13.8,13.35,1420164.0,2020790872.02
2024-11-11,13.35,13.5,13.51,13.16,1216225.0,1709531109.83
2024-11-12,13.49,13.32,13.79,13.25,1366420.0,1942487853.34
2024-11-13,13.19,13.2,13.32,13.04,1072987.0,1488263325.86
2024-11-14,13.16,12.84,13.27,12.84,931858.0,1279529436.71
2024-11-15,12.82,13.21,13.35,12.8,1418672.0,1967258817.35
2024-11-18,13.28,13.02,13.39,12.91,1060789.0,1470514026.05
2024-11-19,13.02,13.17,13.17,12.88,911365.0,1251841496.77
2024-11-20,13.11,13.21,13.23,13.04,791984.0,1095857225.87
2024-11-21,13.13,13.39,13.52,13.11,1311098.0,1848999989.71
2024-11-22,13.39,12.81,13.39,12.8,1101620.0,1517713752.86
2024-11-25,12.81,12.69,12.92,12.61,891333.0,1195993173.75
2024-11-26,12.65,12.4,12.66,12.39,833557.0,1099445657.24
2024-11-27,12.35,12.58,12.58,12.27,570924.0,749796220.9
2024-11-28,12.6,12.49,12.64,12.45,441793.0,583497002.03
2024-11-29,12.47,12.72,12.79,12.45,908287.0,1212261089.8
2024-12-02,12.68,12.93,12.96,12.64,672792.0,909746383.61
2024-12-03,12.9,12.84,12.93,12.75,553504.0,748162031.9
2024-12-04,12.8,12.88,13.02,12.75,719261.0,979285444.11
2024-12-05,12.82,12.79,12.89,12.71,446149.0,601658601.63
2024-12-06,12.77,12.9,12.99,12.76,584895.0,795283888.94
2024-12-09,12.91,12.87,13.02,12.81,460389.0,626673436.84
2024-12-10,13.18,12.88,13.25,12.85,894404.0,1228750295.42
2024-12-11,12.88,12.96,12.99,12.84,456796.0,623235303.11
2024-12-12,12.96,13.09,13.1,12.92,597738.0,820226950.01
2024-12-13,13.03,12.72,13.04,12.72,838724.0,1133545110.82
2024-12-16,12.72,12.47,12.78,12.42,688047.0,912741136.9
2024-12-17,12.47,12.54,12.73,12.46,672373.0,894171093.52
2024-12-18,12.61,12.56,12.72,12.52,452904.0,602301305.79
2024-12-19,12.47,12.55,12.59,12.42,424637.0,561922039.8
2024-12-20,12.55,12.55,12.58,12.37,446842.0,589561237.83
2024-12-23,12.61,13.08,13.38,12.61,2126046.0,2935190549.01
2024-12-24,12.98,13.07,13.32,12.92,1232314.0,1695942850.28
2024-12-25,13.07,13.3,13.4,13.07,1521600.0,2128127360.98
2024-12-26,13.26,13.21,13.29,13.11,774226.0,1076985728.71
2024-12-27,13.45,13.18,13.45,13.0,992776.0,1374578818.59
2024-12-30,13.12,13.2,13.35,13.1,733647.0,1023581743.85
2024-12-31,13.22,13.0,13.35,12.98,873592.0,1210662648.2
2025-01-02,13.02,12.82,13.13,12.75,1008267.0,1375335222.88
2025-01-03,12.84,12.81,13.27,12.8,1203463.0,1651963129.39
2025-01-06,12.86,13.0,13.14,12.83,825414.0,1129357275.91
2025-01-07,12.94,13.04,13.14,12.76,775276.0,1059341946.85
2025-01-08,12.92,14.01,14.28,12.91,3345383.0,4789896054.44
2025-01-09,13.97,13.94,14.06,13.7,1675942.0,2446962193.34
2025-01-10,13.9,13.4,13.97,13.38,1542165.0,2195929547.79
2025-01-13,13.2,13.2,13.53,13.1,1000211.0,1398922917.65
2025-01-14,13.3,13.87,13.93,13.3,1386014.0,1997621638.23
2025-01-15,13.8,13.83,14.05,13.76,824968.0,1203609524.1
2025-01-16,13.93,13.86,14.08,13.83,842027.0,1231718063.51
2025-01-17,13.8,13.82,13.9,13.7,579280.0,840108405.16
2025-01-20,13.92,13.84,14.05,13.77,865677.0,1261291062.04
2025-01-21,13.91,13.84,14.01,13.75,745525.0,1085638985.6
2025-01-22,13.7,13.69,13.88,13.58,573282.0,824752809.75
2025-01-23,13.8,13.49,13.85,13.47,764569.0,1096462154.75
2025-01-24,13.46,13.63,13.71,13.35,711233.0,1016736908.62
2025-01-27,13.65,13.7,13.87,13.55,764132.0,1102833013.64
2025-02-05,13.77,13.27,13.8,13.26,847093.0,1192605443.0
2025-02-06,13.28,13.32,13.33,13.02,868852.0,1206403274.4
2025-02-07,13.27,13.41,13.44,13.11,1012707.0,1419090257.05
2025-02-10,13.42,13.39,13.56,13.3,809031.0,1141855500.2
2025-02-11,13.42,13.7,14.08,13.32,1490065.0,2150438566.38
2025-02-12,13.62,14.08,14.08,13.53,1465691.0,2142791218.15
2025-02-13,14.06,13.93,14.22,13.86,953041.0,1401235069.33
2025-02-14,13.93,14.05,14.18,13.85,864710.0,1273246162.48
2025-02-17,14.13,14.02,14.15,13.82,760553.0,1115032620.82
2025-02-18,14.02,13.88,14.35,13.81,1128467.0,1672253955.11
2025-02-19,13.83,14.06,14.09,13.8,832471.0,1221609182.66
2025-02-20,14.06,14.07,14.15,13.85,744727.0,1094915379.97
2025-02-21,14.3,15.03,15.18,14.3,2620656.0,4077780419.4
2025-02-24,14.98,14.69,14.99,14.59,1234066.0,1903829468.78
2025-02-25,14.58,14.9,15.24,14.5,1386408.0,2168069363.12
2025-02-26,14.93,15.08,15.21,14.91,1023600.0,1613976858.04
2025-02-27,15.05,15.34,15.38,14.98,1185327.0,1892718002.24
2025-02-28,15.3,14.99,15.38,14.98,930639.0,1473820362.92
2025-03-03,15.06,15.12,15.61,15.01,1036197.0,1662388649.85
2025-03-04,14.93,15.22,15.3,14.85,637887.0,1011572486.72
2025-03-05,15.45,15.38,15.74,15.27,722343.0,1166919050.78
2025-03-06,15.66,15.69,15.94,15.49,961816.0,1573252216.77
2025-03-07,15.65,15.89,16.07,15.52,863093.0,1431064601.27
2025-03-10,15.89,15.66,16.01,15.53,758056.0,1246397544.38
2025-03-11,15.41,15.79,15.93,15.41,774368.0,1270993844.88
2025-03-12,15.87,15.66,15.92,15.62,484778.0,795120196.77
2025-03-13,15.63,15.23,15.69,15.11,1027126.0,1644050306.19
2025-03-14,15.23,15.31,15.39,15.12,722007.0,1154996660.85
2025-03-17,15.41,15.67,15.72,15.26,740719.0,1202696501.72
2025-03-18,15.67,15.69,15.73,15.5,499833.0,815422224.3
2025-03-19,16.8,16.09,17.01,15.78,1679752.0,2836644032.7
2025-03-20,15.93,15.9,16.05,15.76,630559.0,1047663379.02
2025-03-21,15.96,15.56,15.97,15.46,583767.0,954804250.88
2025-03-24,15.56,15.55,15.78,15.42,508640.0,827574294.37
2025-03-25,15.56,15.25,15.58,15.22,527354.0,844999960.94
2025-03-26,15.23,15.1,15.28,15.08,468219.0,742181040.92
2025-03-27,15.1,15.06,15.15,15.0,335593.0,529770027.95
2025-03-28,15.26,15.6,15.68,15.26,917795.0,1486492125.7
2025-03-31,15.58,15.71,15.89,15.46,739937.0,1213848182.97
2025-04-01,15.63,15.26,15.7,15.25,620736.0,997300892.31
2025-04-02,15.27,15.28,15.39,15.11,391398.0,625576491.12
2025-04-03,15.1,14.94,15.25,14.87,432902.0,680772000.89
2025-04-07,13.94,13.75,14.05,13.38,1311923.0,1887529739.06
2025-04-08,13.7,14.0,14.03,13.63,878760.0,1278301312.29
2025-04-09,13.86,14.19,14.28,13.6,738164.0,1083905439.48
2025-04-10,14.5,14.58,14.83,14.38,654645.0,1003442027.27
2025-04-11,14.51,14.9,14.96,14.45,542087.0,839036634.59
2025-04-14,15.03,14.72,15.06,14.63,557491.0,860440112.24
2025-04-15,14.73,14.69,14.74,14.5,388460.0,595149147.84
2025-04-16,14.6,14.65,14.68,14.43,457403.0,696558821.16
2025-04-17,14.59,14.44,14.59,14.39,311788.0,472838435.75
2025-04-18,14.42,14.6,14.65,14.32,236760.0,360276044.05
2025-04-21,14.55,14.68,14.76,14.53,252844.0,387762692.8
2025-04-22,14.64,14.53,14.85,14.53,279705.0,429014762.04
2025-04-23,14.62,14.59,14.78,14.51,307289.0,471542953.5
2025-04-24,14.65,14.62,14.72,14.51,218141.0,333842088.54
2025-04-25,14.62,14.49,14.66,14.48,260291.0,396853770.49
2025-04-28,14.46,14.45,14.61,14.42,278300.0,423348241.79
2025-04-29,14.51,14.61,14.67,14.44,275997.0,422297338.46
2025-04-30,14.64,14.5,14.71,14.17,500124.0,755575199.2
2025-05-06,14.6,14.81,14.81,14.55,466266.0,719118589.95
2025-05-07,14.9,14.29,14.95,14.29,789551.0,1201210866.74
2025-05-08,14.3,14.3,14.38,14.23,371762.0,557678767.57
2025-05-09,14.29,14.3,14.42,14.23,376170.0,564051763.67
2025-05-12,14.35,14.59,14.88,14.35,852704.0,1307852253.8
2025-05-13,14.76,14.56,14.78,14.53,467489.0,717172598.05
2025-05-14,14.57,14.59,14.63,14.46,286565.0,436728633.68
2025-05-15,14.56,14.23,14.58,14.22,440375.0,662250047.11
2025-05-16,14.23,14.18,14.36,14.16,378739.0,565812713.06
2025-05-19,14.19,14.19,14.25,14.06,318999.0,474071425.89
2025-05-20,14.23,14.21,14.27,14.11,297899.0,443888861.06
2025-05-21,14.23,14.57,14.67,14.22,664484.0,1010883430.02
2025-05-22,14.51,14.57,14.65,14.5,349762.0,534383976.76
2025-05-23,14.58,14.51,14.7,14.5,451250.0,690764725.28
2025-05-26,14.5,14.29,14.56,14.18,502329.0,752255664.7
2025-05-27,14.29,14.04,14.35,13.97,461814.0,685100152.22
2025-05-28,14.1,14.31,14.44,14.08,475676.0,713291559.4
2025-05-29,14.29,14.5,14.53,14.23,444872.0,672936436.54
2025-05-30,14.5,14.34,14.59,14.3,334494.0,504834327.94
2025-06-03,14.38,14.41,14.44,14.21,411151.0,617687174.44
2025-06-04,14.44,14.41,14.54,14.23,449674.0,678024922.93
2025-06-05,14.41,14.3,14.41,14.11,548700.0,819126873.02
2025-06-06,14.28,14.51,14.58,14.26,523972.0,794089674.34
2025-06-09,14.55,14.7,14.84,14.51,434228.0,670165563.25
2025-06-10,14.7,14.55,14.77,14.48,349729.0,535230863.8
2025-06-11,14.56,14.6,14.72,14.56,289538.0,444421870.1
2025-06-12,14.58,14.83,14.89,14.5,491703.0,761313605.51
2025-06-13,14.82,14.78,14.83,14.68,369121.0,570293349.78
2025-06-16,14.7,14.63,14.75,14.51,420940.0,643661156.78
2025-06-17,14.69,14.7,14.94,14.63,453717.0,702261647.35
2025-06-18,14.75,14.8,14.82,14.56,325570.0,502990486.03
2025-06-19,14.75,14.54,14.77,14.5,381783.0,583648692.16
2025-06-20,14.49,14.57,14.62,14.49,308210.0,470134244.82
2025-06-23,14.48,14.59,14.64,14.34,371402.0,564052835.19
2025-06-24,14.63,14.9,14.94,14.62,496569.0,770818278.92
2025-06-25,14.95,15.08,15.14,14.88,422855.0,666233804.96
2025-06-26,15.08,14.88,15.18,14.86,415172.0,649853060.5
2025-06-27,14.89,14.7,14.95,14.65,460476.0,713336634.28
2025-06-30,14.67,14.68,14.85,14.65,454745.0,699965001.51
2025-07-01,14.69,14.71,14.77,14.66,333665.0,514394774.6
2025-07-02,14.71,14.64,14.78,14.61,356687.0,548672310.01
2025-07-03,14.63,14.66,14.68,14.55,349433.0,535446256.83
2025-07-04,14.66,14.58,14.67,14.53,327599.0,500559565.61
2025-07-07,14.58,14.38,14.59,14.37,433956.0,656501456.61
2025-07-08,14.38,14.61,14.61,14.36,394175.0,600785121.4
2025-07-09,14.6,14.46,14.62,14.44,462782.0,703028779.48
2025-07-10,14.42,14.49,14.53,14.41,293773.0,445951665.4
2025-07-11,14.5,14.62,14.74,14.5,470652.0,721851009.0
2025-07-14,14.61,14.64,14.74,14.57,390669.0,600165348.76
2025-07-15,14.7,14.57,14.7,14.48,314937.0,481014036.42
2025-07-16,14.61,14.74,14.78,14.59,476238.0,734001564.42
2025-07-17,14.74,14.84,14.84,14.67,460566.0,712525953.48
2025-07-18,14.84,14.9,14.92,14.76,410580.0,638811764.7
2025-07-21,14.95,15.19,15.22,14.94,542598.0,859601880.36
2025-07-22,15.18,15.63,15.66,15.12,736867.0,1190024917.39
2025-07-23,15.6,15.4,15.66,15.33,486753.0,786421598.35
2025-07-24,15.41,15.38,15.45,15.28,434363.0,696571602.72
2025-07-25,15.44,15.26,15.46,15.24,449236.0,705384430.97
2025-07-28,15.26,15.28,15.34,15.12,467067.0,727934736.07
2025-07-29,15.22,14.97,15.22,14.8,660214.0,1010388467.46
2025-07-30,14.98,15.05,15.19,14.95,461641.0,713163852.72
2025-07-31,15.04,14.77,15.04,14.75,521859.0,793217239.37
2025-08-01,14.85,14.78,14.91,14.72,294985.0,447825827.37
2025-08-04,14.78,14.8,14.82,14.73,325723.0,492675697.18
2025-08-05,14.86,14.9,14.94,14.84,284311.0,433804920.18
2025-08-06,14.9,14.88,14.91,14.74,373856.0,568255951.94
2025-08-07,14.9,14.8,14.94,14.76,360135.0,546948988.86
2025-08-08,14.81,14.93,14.99,14.79,420681.0,642139344.92
2025-08-11,14.93,14.87,14.95,14.8,424528.0,646315443.72
2025-08-12,14.86,14.85,14.88,14.79,391019.0,593643526.09
2025-08-13,14.87,14.81,14.89,14.76,562633.0,854038024.35
2025-08-14,15.13,15.2,15.62,15.13,2076517.0,3271055829.31
2025-08-15,15.11,15.12,15.24,15.07,799951.0,1240417940.71
2025-08-18,15.19,15.03,15.22,14.99,913054.0,1408839380.53
2025-08-19,15.04,14.9,15.11,14.86,730066.0,1117721093.88
2025-08-20,14.88,15.06,15.06,14.82,609317.0,932920751.77
2025-08-21,15.06,15.18,15.25,15.02,776413.0,1204602339.65
2025-08-22,15.18,15.23,15.27,15.07,622216.0,965186492.25
2025-08-25,15.2,15.41,15.41,15.19,834914.0,1307654554.69
2025-08-26,15.36,15.33,15.42,15.25,682768.0,1071164197.05
2025-08-27,15.34,14.88,15.38,14.87,943599.0,1460875893.78
2025-08-28,14.89,14.82,14.98,14.57,839550.0,1272887212.89
2025-08-29,14.83,14.78,15.05,14.76,1359945.0,2078629984.67
2025-09-01,14.7,14.45,14.81,14.35,1604910.0,2391939789.98
2025-09-02,14.52,14.54,14.67,14.4,822652.0,1224478009.06
2025-09-03,14.54,14.5,14.93,14.49,1067623.0,1608740720.22
2025-09-04,14.51,14.34,14.54,14.19,892493.0,1311501831.32
2025-09-05,14.34,14.53,14.56,14.25,865055.0,1284465368.16
2025-09-08,14.53,14.3,14.56,14.28,1015446.0,1494329051.1
2025-09-09,14.3,14.28,14.47,14.2,866452.0,1273092746.22
2025-09-10,14.39,14.19,14.39,14.15,570456.0,832673408.4
2025-09-11,14.16,14.26,14.28,14.12,680907.0,990442625.96
2025-09-12,14.26,13.99,14.36,13.96,1294996.0,1871954069.08
2025-09-15,14.01,13.88,14.07,13.83,1025123.0,1465650615.62
2025-09-16,13.85,13.78,13.91,13.66,1128237.0,1590813868.44
2025-09-17,13.78,13.92,14.15,13.78,1315019.0,1876387830.55
2025-09-18,13.92,13.81,14.0,13.73,957242.0,1363723041.1
2025-09-19,13.75,13.84,13.96,13.73,611347.0,869287556.57
2025-09-22,13.84,13.71,13.89,13.66,576951.0,812534510.96
2025-09-23,13.73,13.78,13.91,13.65,734907.0,1037030843.13
2025-09-24,13.77,13.8,13.81,13.65,672298.0,946463882.58
2025-09-25,13.74,13.46,13.79,13.45,1154808.0,1608375739.39
2025-09-26,13.45,13.41,13.57,13.34,801877.0,1106429608.6
2025-09-29,13.42,13.57,13.59,13.29,758927.0,1046368562.6
2025-09-30,13.56,13.66,13.71,13.45,776104.0,1082772161.72
2025-10-09,13.7,14.01,14.03,13.66,1165967.0,1657972151.61
2025-10-10,14.01,13.95,14.06,13.93,681203.0,977397128.07
2025-10-13,13.71,13.92,13.94,13.64,735118.0,1041548759.13
2025-10-14,13.98,14.19,14.4,13.98,1206586.0,1759763338.39
2025-10-15,14.25,14.36,14.39,14.18,921047.0,1350795012.62
2025-10-16,14.38,14.29,14.4,14.2,673502.0,987473535.68
2025-10-17,14.3,14.04,14.31,14.01,576447.0,835993450.77
2025-10-20,14.14,14.07,14.18,13.98,428038.0,617312195.47
2025-10-21,14.1,14.22,14.34,14.05,556680.0,810573782.87
2025-10-22,14.2,14.27,14.32,14.15,475341.0,695486724.53
2025-10-23,14.24,14.18,14.26,14.04,439140.0,635934749.03
2025-10-24,14.23,14.2,14.37,14.16,432029.0,615025787.25
2025-10-27,14.21,14.17,14.26,14.14,624296.0,885622129.3
2025-10-28,14.17,14.13,14.27,13.99,697668.0,984427619.83
2025-10-29,14.14,14.2,14.2,14.03,404761.0,570789653.01
2025-10-30,14.19,14.44,14.54,14.15,1126254.0,1624885131.6
2025-10-31,14.66,14.96,15.16,14.62,2035882.0,3047590818.75
2025-11-03,15.05,15.46,15.49,14.92,1853352.0,2831476233.54
2025-11-04,15.52,15.77,16.21,15.52,2457720.0,3896368319.52
2025-11-05,15.63,16.39,16.46,15.48,2155498.0,3471714130.67
2025-11-06,17.9,18.03,18.03,17.6,1684961.0,3031832221.17
2025-11-07,18.01,18.27,18.55,17.51,5619970.0,10108415393.96
2025-11-10,18.63,18.32,18.81,17.83,2941712.0,5350989026.79
2025-11-11,18.72,18.3,18.9,18.25,2100769.0,3883877077.91
2025-11-12,17.97,17.9,18.13,17.65,2058311.0,3679717398.25
2025-11-13,17.9,18.0,18.38,17.78,1539103.0,2775562630.02
2025-11-14,17.66,17.03,17.89,16.99,1956778.0,3376809953.26
2025-11-17,17.2,17.7,18.21,17.2,1761133.0,3142643282.57
2025-11-18,17.6,17.42,17.85,17.3,938523.0,1641293328.06
2025-11-19,17.42,17.2,17.48,17.05,641771.0,1103181736.96
2025-11-20,17.71,17.15,17.82,17.1,718060.0,1250113774.03
2025-11-21,16.7,16.66,17.05,16.6,926387.0,1556980742.16
2025-11-24,16.75,16.6,16.85,16.4,714815.0,1183211212.37
2025-11-25,16.69,16.87,17.03,16.55,933489.0,1570220227.74
2025-11-26,16.97,16.9,17.11,16.7,673444.0,1139413422.34
2025-11-27,17.01,16.98,17.27,16.97,602312.0,1029747974.77
2025-11-28,16.99,17.31,17.6,16.96,914724.0,1583636217.85
2025-12-01,17.49,17.37,17.6,17.03,830803.0,1436198851.64
2025-12-02,17.32,17.11,17.37,16.99,483936.0,828747588.87
2025-12-03,17.11,17.08,17.25,17.02,511288.0,874238759.62
2025-12-04,17.19,17.34,17.45,17.15,509702.0,882139510.76
2025-12-05,17.37,17.7,17.87,17.27,846593.0,1496494106.47
2025-12-08,17.72,17.44,17.72,17.22,753382.0,1310597740.75
2025-12-09,17.43,17.22,17.53,17.17,524796.0,908102252.88
2025-12-10,17.23,17.49,17.5,17.06,503203.0,871589011.79
2025-12-11,17.75,17.5,18.0,17.48,714898.0,1269563941.06
2025-12-12,17.63,17.98,18.02,17.5,963181.0,1720219583.58
2025-12-15,17.75,17.85,18.07,17.7,696701.0,1246049915.84
2025-12-16,17.81,17.47,17.81,17.2,719835.0,1254439487.95
2025-12-17,17.53,17.57,17.65,17.29,563782.0,985405406.48
2025-12-18,17.33,17.19,17.43,17.0,637007.0,1091697617.24
2025-12-19,17.17,17.52,17.7,17.15,585879.0,1027564307.79
2025-12-22,17.59,17.76,17.8,17.4,575423.0,1013681868.9
2025-12-23,17.6,17.69,17.79,17.44,411249.0,725794111.05
2025-12-24,17.6,17.55,17.88,17.48,398942.0,701743221.19
2025-12-25,17.43,17.31,17.54,17.27,462919.0,803060389.92
2025-12-26,17.22,17.55,17.67,17.2,460693.0,806358191.77
2025-12-29,17.53,17.33,17.58,17.21,524822.0,911780735.12
2025-12-30,17.21,17.36,17.58,17.15,557423.0,969129130.17
2025-12-31,17.46,17.2,17.52,17.15,442396.0,763967045.4
2026-01-05,17.23,17.4,17.78,17.23,710683.0,1240767914.14
2026-01-06,17.42,17.66,17.74,17.27,671535.0,1177779837.83
2026-01-07,17.65,17.82,17.94,17.55,647795.0,1153096731.8
2026-01-08,17.76,17.58,17.76,17.42,559328.0,981175654.62
2026-01-09,18.05,18.34,18.62,18.01,1251971.0,2289394005.7
2026-01-12,18.67,18.84,19.1,18.44,1511401.0,2838312332.1
2026-01-13,18.83,19.0,19.13,18.55,1165916.0,2201390718.43
2026-01-14,18.96,19.39,19.85,18.96,1663964.0,3239556282.76
2026-01-15,19.36,20.2,20.43,19.22,1486761.0,2985068479.23
2026-01-16,20.2,20.94,21.51,20.12,2157344.0,4514968075.48
2026-01-19,21.0,22.55,22.88,20.8,2369619.0,5247015395.24
2026-01-20,22.1,21.6,22.19,21.41,1696043.0,3681440025.53
2026-01-21,21.7,22.56,22.87,21.15,1885561.0,4177761760.3
2026-01-22,22.59,22.36,23.0,22.12,1474318.0,3311618648.16
2026-01-23,22.59,23.5,23.88,22.58,2018002.0,4747787994.23
2026-01-26,24.12,24.32,25.72,24.0,2784827.0,6929731695.04
2026-01-27,24.05,24.01,24.92,23.9,1510767.0,3661474754.09
2026-01-28,24.2,23.75,24.45,23.6,1421379.0,3398898815.06
2026-01-29,24.0,23.23,24.08,22.88,1590711.0,3683388238.05
2026-01-30,23.07,23.74,23.92,22.79,1189385.0,2784211047.99
2026-02-02,23.5,22.57,23.7,22.47,1163041.0,2664191725.8
2026-02-03,23.2,24.31,24.42,23.02,1280820.0,3045542744.69
2026-02-04,24.43,25.19,25.28,24.31,1432971.0,3580214292.75
2026-02-05,25.1,24.43,25.17,24.3,955649.0,2354299137.06
2026-02-06,23.88,23.78,24.23,23.43,917581.0,2188921676.73
2026-02-09,24.52,25.74,25.86,24.52,1340671.0,3401969242.34
2026-02-10,25.82,25.89,26.21,25.3,964512.0,2487122410.45
2026-02-11,25.64,25.97,26.44,25.58,871495.0,2270345420.74
2026-02-12,26.39,28.07,28.29,26.13,1599797.0,4393014360.09
2026-02-13,27.41,26.79,27.68,26.7,1208230.0,3271019282.0
2026-02-24,27.28,29.1,29.15,27.03,1875764.0,5317996488.8
2026-02-25,29.39,28.52,30.19,28.28,2093359.0,6082965017.52
2026-02-26,28.37,29.22,29.72,27.9,1729146.0,4996212726.04
2026-02-27,28.1,27.86,28.51,27.48,1506108.0,4208555794.94
2026-03-02,27.5,27.72,28.31,27.41,1231692.0,3425918829.57
2026-03-03,27.63,26.46,28.05,26.4,1894395.0,5081710210.02
2026-03-04,26.18,26.42,27.12,25.92,1157507.0,3068207962.78
2026-03-05,27.39,27.91,28.29,27.2,1569695.0,4375001855.72
2026-03-06,27.45,28.16,28.89,26.93,1619100.0,4538183867.14
2026-03-09,26.7,26.66,26.95,25.41,1676528.0,4391240788.56
2026-03-10,27.4,27.82,28.35,27.25,1485989.0,4150709022.61
2026-03-11,27.68,26.56,27.82,25.8,1688736.0,4498324886.86
2026-03-12,26.41,25.2,26.55,24.83,2003361.0,5065645690.08
2026-03-13,25.04,24.88,25.7,24.68,1439678.0,3610079349.22
2026-03-16,24.82,24.55,24.83,24.04,1047511.0,2553117872.61
2026-03-17,25.0,24.7,25.83,24.68,1241283.0,3129803675.29
2026-03-18,24.88,25.37,25.5,24.51,1015333.0,2538074575.79
2026-03-19,24.34,23.8,24.67,23.67,1402733.0,3371606197.61
2026-03-20,24.07,23.36,24.3,23.22,1090392.0,2574780388.94
2026-03-23,22.73,22.54,23.1,22.33,1151666.0,2621067636.19
2026-03-24,23.0,23.71,23.86,22.54,1343948.0,3148723925.37
2026-03-25,24.81,24.52,25.6,24.39,1301322.0,3241925867.25
2026-03-26,24.73,23.78,24.73,23.64,818477.0,1966240533.91
2026-03-27,21.5,23.5,23.88,21.4,2989690.0,6748424176.3
2026-03-30,22.78,24.43,24.79,22.78,1756953.0,4253900377.14
2026-03-31,24.32,24.24,24.76,24.01,992952.0,2422892411.62
2026-04-01,25.0,25.3,25.49,24.8,1203560.0,3035964526.44
2026-04-02,25.4,25.35,25.8,25.13,829769.0,2104701953.42
2026-04-03,25.39,25.1,25.9,25.06,644695.0,1633546878.39
2026-04-07,25.1,23.88,25.14,23.75,1036113.0,2503570293.29
2026-04-08,25.36,25.4,26.0,24.95,1469674.0,3715654666.56
2026-04-09,25.0,25.98,26.28,24.9,1370188.0,3533828169.22
2026-04-10,26.55,27.0,27.2,26.11,1271330.0,3413674977.19
2026-04-13,26.3,26.88,27.23,25.97,996191.0,2650171129.0
2026-04-14,28.56,26.18,29.08,25.95,1409496.0,3790972782.48
2026-04-15,27.0,26.6,27.5,26.51,1246661.0,3362959787.79
2026-04-16,26.78,27.4,27.57,26.38,1202644.0,3241034069.35
2026-04-17,27.13,26.5,27.13,26.35,946090.0,2514129347.43
2026-04-20,26.56,26.36,27.43,26.21,1085843.0,2917441424.17
2026-04-21,26.35,26.93,27.07,26.15,954623.0,2549436042.18
2026-04-22,26.66,27.98,28.42,26.5,1209561.0,3333223352.68
2026-04-23,29.39,29.49,30.18,28.83,2039153.0,6034776643.57
2026-04-24,29.67,29.59,29.95,28.94,1046743.0,3085838067.54
2026-04-27,29.72,29.66,30.69,29.54,1037050.0,3107949027.71
2026-04-28,29.73,30.08,30.4,29.53,1143308.0,3428973380.56
2026-04-29,30.0,30.15,30.3,29.66,738067.0,2213855173.47
2026-04-30,30.9,31.2,32.66,30.81,1696339.0,5366035686.6
2026-05-06,34.18,34.32,34.32,34.01,1230508.0,4219620855.25
2026-05-07,35.71,35.0,35.85,34.24,1803514.0,6286238500.9
2026-05-08,34.31,33.06,34.5,32.88,1451545.0,4838192087.31
2026-05-11,33.5,33.53,33.85,32.99,1056211.0,3526069082.41
2026-05-12,33.67,32.7,33.76,32.1,1131098.0,3703690912.68
2026-05-13,32.01,34.34,34.49,31.76,1394130.0,4686018541.37
2026-05-14,35.2,34.2,35.56,34.2,1231579.0,4293298359.68
2026-05-15,34.23,34.77,35.64,33.8,1087488.0,3793084838.4
2026-05-18,33.76,33.3,33.89,32.88,1185861.0,3944416754.38
2026-05-19,33.6,33.15,33.75,32.08,938788.0,3074525658.3
2026-05-20,33.08,32.61,33.15,31.45,1198861.0,3868303951.3
2026-05-21,33.26,32.28,34.05,32.25,991015.0,3306015682.26
2026-05-22,32.8,34.01,34.1,32.79,1004087.0,3368399383.56
2026-05-25,34.02,35.1,35.26,33.25,881612.0,3047587438.25
2026-05-26,35.06,34.85,35.56,34.4,635335.0,2217500629.23
2026-05-27,35.12,34.5,35.87,34.33,715652.0,2498659013.49
2026-05-28,33.7,35.31,35.5,33.7,949362.0,3302575369.95
2026-05-29,35.89,35.34,36.34,35.0,1045408.0,3719542575.0
2026-06-01,35.18,33.7,35.7,32.86,1443625.0,4923451280.13
2026-06-02,33.03,32.22,33.33,30.33,2130784.0,6707391063.5
